0002;JUSTICIALISTA                                     ;JUSTICIALISTA                                                                                       ;
0003;UNION CIVICA RADICAL                              ;UNION CIVICA RADICAL                                                                                ;
0012;COMUNISTA                                         ;COMUNISTA                                                                                           ;
0013;MOVIMIENTO AL SOCIALISMO                          ;MOVIMIENTO AL SOCIALISMO                                                                            ;
0023;UNION POPULAR                                     ;UNION POPULAR                                                                                       ;
0030;SOCIALISTA AUTENTICO                              ;SOCIALISTA AUTENTICO                                                                                ;
0038;MST-MOVIMIENTO SOCIALISTA DE LOS TRABAJADORES     ;    MST-MOVIMIENTO SOCIALISTA DE LOS TRABAJADORES                                                   ;
0040;MOVIMIENTO LIBRES DEL SUR                         ;MOVIMIENTO LIBRES DEL SUR                                                                           ;
0041;KOLINA                                            ;KOLINA                                                                                              ;
0042;ENCUENTRO CIUDADANO                               ;ENCUENTRO CIUDADANO                                                                                 ;
0043;COALICION CIVICA ARI                              ;COALICION CIVICA ARI                                                                                ;
0044;DE LA VICTORIA                                    ;DE LA VICTORIA                                                                                      ;
0045;DESARROLLO SANTACRUCEÑO                           ;DESARROLLO SANTACRUCEÑO                                                                             ;
0046;PRIMERO SANTA CRUZ                                ;PRIMERO SANTA CRUZ                                                                                  ;
0047;SOCIALISMO SANTACRUCEÑO                           ;SOCIALISMO SANTACRUCEÑO                                                                             ;
0050;SOCIALISTA                                        ;SOCIALISTA                                                                                          ;
0057;MOVIMIENTO DE ACCION VECINAL                      ;MOVIMIENTO DE ACCION VECINAL                                                                        ;
0060;MOVIMIENTO INDEPENDIENTE JUSTICIA Y DIGNIDAD      ;MOVIMIENTO INDEPENDIENTE JUSTICIA Y DIGNIDAD                                                        ;
0061;IZQUIERDA POR UNA OPCION SOCIALISTA               ;IZQUIERDA POR UNA OPCION SOCIALISTA                                                                 ;
0063;ES POSIBLE                                        ;ES POSIBLE                                                                                          ;
0065;UNION CELESTE Y BLANCO                            ;UNION CELESTE Y BLANCO                                                                              ;
0068;NUEVA IZQUIERDA                                   ;NUEVA IZQUIERDA                                                                                     ;
0069;GEN                                               ;GEN                                                                                                 ;
0070;DE TRABAJADORES POR EL SOCIALISMO                 ;DE TRABAJADORES POR EL SOCIALISMO                                                                   ;
0071;DEL OBRERO                                        ;DEL OBRERO                                                                                          ;
0072;INSTRUMENTO ELECTORAL POR LA UNIDAD POPULAR       ;INSTRUMENTO ELECTORAL POR LA UNIDAD POPULAR                                                         ;
0074;PARTIDO DEL TRABAJO Y DEL PUEBLO                  ;PARTIDO DEL TRABAJO Y DEL PUEBLO                                                                    ;
0076;DE LA CULTURA LA EDUCACION Y EL TRABAJO           ;DE LA CULTURA LA EDUCACION Y EL TRABAJO                                                             ;
0081;PARTIDO POPULAR                                   ;PARTIDO POPULAR                                                                                     ;
0103;FRENTE DE IZQUIERDA Y LOS TRABAJADORES            ;FRENTE DE IZQUIERDA Y LOS TRABAJADORES                                                              ;
0131;ALIANZA FRENTE PARA LA VICTORIA                   ;ALIANZA FRENTE PARA LA VICTORIA                                                                     ;
0132;ALIANZA PROGRESISTAS                              ;ALIANZA PROGRESISTAS                                                                                ;
0133;ALIANZA COMPROMISO FEDERAL                        ;ALIANZA COMPROMISO FEDERAL                                                                          ;
0134;MST - NUEVA IZQUIERDA                             ;MST - NUEVA IZQUIERDA                                                                               ;
0135;ALIANZA CAMBIEMOS                                 ;ALIANZA CAMBIEMOS                                                                                   ;
0136;ALIANZA FRENTE POPULAR                            ;ALIANZA FRENTE POPULAR                                                                              ;
0137;ALIANZA FRENTE DE IZQUIERDA Y DE LOS TRABAJADORES ;ALIANZA FRENTE DE IZQUIERDA Y DE LOS TRABAJADORES                                                   ;
0138;ALIANZA UNIDOS POR UNA NUEVA ALTERNATIVA (UNA)    ;ALIANZA UNIDOS POR UNA NUEVA ALTERNATIVA (UNA)                                                      ;
0144;MST-MOVIMIENTO SOCIALISTA DE LOS TRABAJADORES     ;MST-MOVIMIENTO SOCIALISTA DE LOS TRABAJADORES                                                       ;
0145;CAMBIEMOS BUENOS AIRES                            ;CAMBIEMOS BUENOS AIRES                                                                              ;
0146;CAMBIEMOS SALTA                                   ;CAMBIEMOS SALTA                                                                                     ;
0151;MOVIMIENTO POPULAR NEUQUINO                       ;MOVIMIENTO POPULAR NEUQUINO                                                                         ;
0152;MOVIMIENTO POLO SOCIAL LA TERCERA POSICION DE LA G;MOVIMIENTO POLO SOCIAL LA TERCERA POSICION DE LA GENTE                                              ;
0153;CRUZADA RENOVADORA                                ;CRUZADA RENOVADORA                                                                                  ;
0154;MOVIMIENTO POPULAR FUEGUINO                       ;MOVIMIENTO POPULAR FUEGUINO                                                                         ;
0155;MOVIMIENTO UNION DEL PARTIDO DE PINAMAR           ;MOVIMIENTO UNION DEL PARTIDO DE PINAMAR                                                             ;
0157;DE ACCION CHUBUTENSE                              ;DE ACCION CHUBUTENSE                                                                                ;
0161;OBRERO                                            ;OBRERO                                                                                              ;
0165;NUEVO OCTUBRE                                     ;NUEVO OCTUBRE                                                                                       ;
0169;PROYECTO POPULAR                                  ;PROYECTO POPULAR                                                                                    ;
0177;PARTIDO MOVIMIENTO DE PARTICIPACION CIUDADANA     ;PARTIDO MOVIMIENTO DE PARTICIPACION CIUDADANA                                                       ;
0179;FRENTE CAMBIA JUJUY                               ;FRENTE CAMBIA JUJUY                                                                                 ;
0180;DEL CAMPO POPULAR                                 ;DEL CAMPO POPULAR                                                                                   ;
0186;AUTODETERMINACION Y LIBERTAD                      ;AUTODETERMINACION Y LIBERTAD                                                                        ;
0187;SOCIAL PATAGONICO                                 ;SOCIAL PATAGONICO                                                                                   ;
0188;UNITE POR LA LIBERTAD Y LA DIGNIDAD               ;UNITE POR LA LIBERTAD Y LA DIGNIDAD                                                                 ;
0189;PARTIDO CIUDADANOS A GOBERNAR                     ;PARTIDO CIUDADANOS A GOBERNAR                                                                       ;
0190;MOV.POL. SOCIAL Y CULTURAL PROYECTO SUR           ;MOV.POL. SOCIAL Y CULTURAL PROYECTO SUR                                                             ;
0194;MOVIMIENTO VECINAL                                ;MOVIMIENTO VECINAL                                                                                  ;
0198;DE LOS TRABAJADORES SOCIALISTAS                   ;DE LOS TRABAJADORES SOCIALISTAS                                                                     ;
0202;FRENTE RENOVADOR AUTENTICO                        ;FRENTE RENOVADOR AUTENTICO                                                                          ;
0203;INSTRUMENTO ELECTORAL                             ;INSTRUMENTO ELECTORAL                                                                               ;
0208;POR UN PUEBLO UNIDO                               ;POR UN PUEBLO UNIDO                                                                                 ;
0212;PRINCIPIOS Y CONVICCION                           ;PRINCIPIOS Y CONVICCION                                                                             ;
0268;MOV. AMPLIO DE TRAB. Y JUBILADOS-MATRAJU          ;MOV. AMPLIO DE TRAB. Y JUBILADOS-MATRAJU                                                            ;
0298;TODOS POR BUENOS AIRES                            ;TODOS POR BUENOS AIRES                                                                              ;
0301;PATRIA GRANDE                                     ;PATRIA GRANDE                                                                                       ;
0302;BANDERA VECINAL                                   ;BANDERA VECINAL                                                                                     ;
0333;FUERZA ORG. RENOV. DEMOCRATICA                    ;FUERZA ORG. RENOV. DEMOCRATICA                                                                      ;
0427;JUNTOS POR SAN JUAN                               ;JUNTOS POR SAN JUAN                                                                                 ;
0446;AGR.MUNICIPAL DE LA INTRANSIGENCIA COLONENSE      ;AGR.MUNICIPAL DE LA INTRANSIGENCIA COLONENSE                                                        ;
0484;NUEVA ALTERNATIVA CARMEÑA                         ;NUEVA ALTERNATIVA CARMEÑA                                                                           ;
0501;ALIANZA FRENTE PARA LA VICTORIA                   ;ALIANZA FRENTE PARA LA VICTORIA                                                                     ;
0502;ALIANZA CAMBIEMOS                                 ;ALIANZA CAMBIEMOS                                                                                   ;
0503;ALIANZA COMPROMISO FEDERAL                        ;ALIANZA COMPROMISO FEDERAL                                                                          ;
0504;ALIANZA FRENTE DE IZQUIERDA Y DE LOS TRABAJADORES ;ALIANZA FRENTE DE IZQUIERDA Y DE LOS TRABAJADORES                                                   ;
0506;ALIANZA PROGRESISTAS                              ;ALIANZA PROGRESISTAS                                                                                ;
0507;ALIANZA UNIDOS POR UNA NUEVA ALTERNATIVA          ;ALIANZA UNIDOS POR UNA NUEVA ALTERNATIVA                                                            ;
0509;ALIANZA UNION PARA VIVIR MEJOR                    ;ALIANZA UNION PARA VIVIR MEJOR                                                                      ;
0510;ALIANZA UNION POR CORDOBA                         ;ALIANZA UNION POR CORDOBA                                                                           ;
0514;ALIANZA CAMBIEMOS MENDOZA                         ;ALIANZA CAMBIEMOS MENDOZA                                                                           ;
0517;ALIANZA CAMBIEMOS TIERRA DEL FUEGO                ;ALIANZA CAMBIEMOS TIERRA DEL FUEGO                                                                  ;
0518;ALIANZA COMPROMISO CON SAN JUAN                   ;ALIANZA COMPROMISO CON SAN JUAN                                                                     ;
0519;ALIANZA ENCUENTRO POR CORRIENTES                  ;ALIANZA ENCUENTRO POR CORRIENTES                                                                    ;
0520;ALIANZA FRENTE AMPLIO FORMOSEÑO                   ;ALIANZA FRENTE AMPLIO FORMOSEÑO                                                                     ;
0521;ALIANZA FRENTE AMPLIO PODEMOS                     ;ALIANZA FRENTE AMPLIO PODEMOS                                                                       ;
0522;ALIANZA FRENTE CAMBIEMOS                          ;ALIANZA FRENTE CAMBIEMOS                                                                            ;
0523;ALIANZA CAMBIEMOS RIO NEGRO                       ;ALIANZA CAMBIEMOS RIO NEGRO                                                                         ;
0524;ALIANZA FRENTE CIVICO Y SOCIAL                    ;ALIANZA FRENTE CIVICO Y SOCIAL                                                                      ;
0525;ALIANZA FRENTE PROGRESISTA CIVICO Y SOCIAL        ;ALIANZA FRENTE PROGRESISTA CIVICO Y SOCIAL                                                          ;
0526;ALIANZA FRENTE PROGRESISTA POPULAR                ;ALIANZA FRENTE PROGRESISTA POPULAR                                                                  ;
0527;ALIANZA FRENTE RENOVADOR FEDERAL POR LA ESPERANZA ;ALIANZA FRENTE RENOVADOR FEDERAL POR LA ESPERANZA                                                   ;
0528;ALIANZA FRENTE TERCERA POSICION                   ;ALIANZA FRENTE TERCERA POSICION                                                                     ;
0529;ALIANZA FRENTE UNIDOS                             ;ALIANZA FRENTE UNIDOS                                                                               ;
0530;ALIANZA CAMBIEMOS CHUBUT                          ;ALIANZA CAMBIEMOS CHUBUT                                                                            ;
0531;ALIANZA FRENTE UNION CHUBUT SOMOS TODOS           ;ALIANZA FRENTE UNION CHUBUT SOMOS TODOS                                                             ;
0532;ALIANZA FRENTE CIVICO Y SOCIAL                    ;ALIANZA FRENTE CIVICO Y SOCIAL                                                                      ;
0533;FRENTE CIVICO PARA LA VICTORIA                    ;FRENTE CIVICO PARA LA VICTORIA                                                                      ;
0600;UNION VECINALISTA DIGNIDAD PARA TODOS             ;UNION VECINALISTA DIGNIDAD PARA TODOS                                                               ;
0612;NUEVO ZARATE                                      ;NUEVO ZARATE                                                                                        ;
0616;MOVIMIENTO GENERACIONAL                           ;MOVIMIENTO GENERACIONAL                                                                             ;
0625;MOVIMIENTO SOCIAL PARA UNA MEJOR VIDA             ;MOVIMIENTO SOCIAL PARA UNA MEJOR VIDA                                                               ;
0641;MOVIPRO                                           ;MOVIPRO                                                                                             ;
0647;PROCLAME                                          ;PROCLAME                                                                                            ;
0656;ACCION CIUDADANA                                  ;ACCION CIUDADANA                                                                                    ;
0664;COMPROMISO PRINGLES                               ;COMPROMISO PRINGLES                                                                                 ;
0665;PARTIDO UNION VECINAL PROV.                       ;PARTIDO UNION VECINAL PROV.                                                                         ;
0667;INTEGRACION VECINALISTA ROSALEÑA                  ;INTEGRACION VECINALISTA ROSALEÑA                                                                    ;
0670;C.UNIDAD SOCIAL Y POL. 6 DE DICIEMBRE             ;C.UNIDAD SOCIAL Y POL. 6 DE DICIEMBRE                                                               ;
0672;UNION VECINAL DE ADOLFO GONZALES CHAVES           ;UNION VECINAL DE ADOLFO GONZALES CHAVES                                                             ;
0673;CONSTRUCCION VECINAL PARTICIPATIVA                ;CONSTRUCCION VECINAL PARTICIPATIVA                                                                  ;
0674;RENOVACION PARA JUNIN                             ;RENOVACION PARA JUNIN                                                                               ;
0693;ACCION PINAMARENSE-AP                             ;ACCION PINAMARENSE-AP                                                                               ;
0697;ACCION POR VILLARINO                              ;ACCION POR VILLARINO                                                                                ;
0703;ENCUENTRO POR ROJAS                               ;ENCUENTRO POR ROJAS                                                                                 ;
0705;CON VOCACION POR SAN ISIDRO                       ;CON VOCACION POR SAN ISIDRO                                                                         ;
0734;VIENTOS DEL SUR-VISUR                             ;VIENTOS DEL SUR-VISUR                                                                               ;
0737;PROPUESTA PINAMAR-PROPIN                          ;PROPUESTA PINAMAR-PROPIN                                                                            ;
0739;JUNTOS POR DORREGO                                ;JUNTOS POR DORREGO                                                                                  ;
0742;AGRUPACION VECINAL UNION POR MORON                ;AGRUPACION VECINAL UNION POR MORON                                                                  ;
0748;CRECER                                            ;CRECER                                                                                              ;
0750;TODOS VECINOS                                     ;TODOS VECINOS                                                                                       ;
0754;UNION DEL PUEBLO LA PLATA                         ;UNION DEL PUEBLO LA PLATA                                                                           ;
0758;UNA NUEVA OPORTUNIDAD SUARENSE-UNOS               ;UNA NUEVA OPORTUNIDAD SUARENSE-UNOS                                                                 ;
0768;CAUSA POPULAR BRANDSEN                            ;CAUSA POPULAR BRANDSEN                                                                              ;
0769;MIRADA AMPLIA REGIONAL                            ;MIRADA AMPLIA REGIONAL                                                                              ;
0774;VECINOS EN ACCION PINAMAR-VENAP                   ;VECINOS EN ACCION PINAMAR-VENAP                                                                     ;
0777;AGR.MUNICIPAL DE INT.PACEÑA                       ;AGR.MUNICIPAL DE INT.PACEÑA                                                                         ;
0782;UNIDAD PACEÑA                                     ;UNIDAD PACEÑA                                                                                       ;
0787;SOMOS RODRIGUEZ                                   ;SOMOS RODRIGUEZ                                                                                     ;
0789;ACUERDO CIUDADANO X TRENQUE LAUQUEN               ;ACUERDO CIUDADANO X TRENQUE LAUQUEN                                                                 ;
0792;UNION VECINAL SALLIQUELO                          ;UNION VECINAL SALLIQUELO                                                                            ;
0794;VAMOS                                             ;VAMOS                                                                                               ;
0799;UNIDOS POR NECOCHEA                               ;UNIDOS POR NECOCHEA                                                                                 ;
0803;FRENTE MXC                                        ;FRENTE MXC                                                                                          ;
0821;JUNTOS POR SAN JUAN                               ;JUNTOS POR SAN JUAN                                                                                 ;
0900;FRENTE RENOVADOR DE LA CONCORDIA FTE PARA LA VICT ;FRENTE RENOVADOR DE LA CONCORDIA FTE PARA LA VICTORIA                                               ;
0901;FRENTE POPULAR - DE LOS RIOS LIBRES, LAS CHACRAS  ;FRENTE POPULAR - DE LOS RIOS LIBRES, LAS CHACRAS Y EL TRABAJO                                       ;
0902;PROYECTO AGRARIO Y SOCIAL PAYS                    ;PROYECTO AGRARIO Y SOCIAL PAYS                                                                      ;
0903;VAMOS JUNTOS                                      ;VAMOS JUNTOS                                                                                        ;
0905;FRENTE CIVICO Y SOCIAL                            ;FRENTE CIVICO Y SOCIAL                                                                              ;
0906;UNIDOS POR UNA NUEVA ALTERNATIVA                  ;UNIDOS POR UNA NUEVA ALTERNATIVA                                                                    ;
0907;FRENTE UNIDOS UNA                                 ;FRENTE UNIDOS UNA                                                                                   ;
1806;ALIANZA FRENTE MARPLATENSE                        ;ALIANZA FRENTE MARPLATENSE                                                                          ;
3001;17 DE OCTUBRE - LAS HERAS                         ;17 DE OCTUBRE - LAS HERAS                                                                           ;
3002;1ª OPCION PARA LOS JOVENES - LAS HERAS            ;1ª OPCION PARA LOS JOVENES - LAS HERAS                                                              ;
3003;28 PARA TODOS - 28 DE NOVIEMBRE                   ;28 PARA TODOS - 28 DE NOVIEMBRE                                                                     ;
3004;28 SOMOS TODOS - 28 DE NOVIEMBRE                  ;28 SOMOS TODOS - 28 DE NOVIEMBRE                                                                    ;
3005;ABANDERADA DE LOS HUMILDES - 28 DE NOVIMBRE       ;ABANDERADA DE LOS HUMILDES - 28 DE NOVIMBRE                                                         ;
3006;ACEPTA EL DESAFIO - PROVINCIAL                    ;ACEPTA EL DESAFIO - PROVINCIAL                                                                      ;
3007;ACEPTA EL DESAFIO - RIO GALLEGOS                  ;ACEPTA EL DESAFIO - RIO GALLEGOS                                                                    ;
3008;AGRUPACION FRENTE ANTIGUENSE - LOS ANTIGUOS       ;AGRUPACION FRENTE ANTIGUENSE - LOS ANTIGUOS                                                         ;
3009;AHORA SI - RIO GALLEGOS                           ;AHORA SI - RIO GALLEGOS                                                                             ;
3010;AHORA SI VAMOS A CAMBIAR - 28 DE NOVIEMBRE        ;AHORA SI VAMOS A CAMBIAR - 28 DE NOVIEMBRE                                                          ;
3011;AHORA TRUNCADO - PICO TRUNCADO                    ;AHORA TRUNCADO - PICO TRUNCADO                                                                      ;
3012;ARRIBA RIO TURBIO - RIO TURBIO                    ;ARRIBA RIO TURBIO - RIO TURBIO                                                                      ;
3013;BASES PARA SEGUIR CONSTRUYENDO - CALETA OLIVIA    ;BASES PARA SEGUIR CONSTRUYENDO - CALETA OLIVIA                                                      ;
3014;CALAFATE AVANZA - EL CALAFATE                     ;CALAFATE AVANZA - EL CALAFATE                                                                       ;
3015;CALETA TIENE FUTURO - CALETA OLIVIA               ;CALETA TIENE FUTURO - CALETA OLIVIA                                                                 ;
3016;CALETA VA A VIVIR MEJOR - CALETA OLIVIA           ;CALETA VA A VIVIR MEJOR - CALETA OLIVIA                                                             ;
3017;CAMBIAS VOS CAMBIA PICO TRUNCADO - PICO TRUNCADO  ;CAMBIAS VOS CAMBIA PICO TRUNCADO - PICO TRUNCADO                                                    ;
3018;CAMBIEMOS RIO GALLEGOS- RIO GALLEGOS              ;CAMBIEMOS RIO GALLEGOS- RIO GALLEGOS                                                                ;
3019;CAMINO A LA VICTORIA - LAS HERAS                  ;CAMINO A LA VICTORIA - LAS HERAS                                                                    ;
3020;CAPACIDAD Y DEDICACION - 28 DE NOVIEMBRE          ;CAPACIDAD Y DEDICACION - 28 DE NOVIEMBRE                                                            ;
3021;COMPARTIR GREGORES - GOBERNADOR GREGORES          ;COMPARTIR GREGORES - GOBERNADOR GREGORES                                                            ;
3022;COMPROMISO POR PUERTO DESEADO - PUERTO DESEADO    ;COMPROMISO POR PUERTO DESEADO - PUERTO DESEADO                                                      ;
3023;COMPROMISO POR SANTA CRUZ - PROVINCIAL            ;COMPROMISO POR SANTA CRUZ - PROVINCIAL                                                              ;
3024;CONSTRUYAMOS JUNTOS EN RIO GALLEGOS - RIO GALLEGOS;CONSTRUYAMOS JUNTOS EN RIO GALLEGOS - RIO GALLEGOS                                                  ;
3025;CONSTRUYENDO KOLINA - LAS HERAS                   ;CONSTRUYENDO KOLINA - LAS HERAS                                                                     ;
3026;CRECIMIENTO Y PROGRESO - RIO TURBIO               ;CRECIMIENTO Y PROGRESO - RIO TURBIO                                                                 ;
3027;CREER ES CREAR - LAS HERAS                        ;CREER ES CREAR - LAS HERAS                                                                          ;
3028;DESARROLLO PARA CALAFATE - EL CALAFATE            ;DESARROLLO PARA CALAFATE - EL CALAFATE                                                              ;
3029;DESARROLLO RIO TURBIO - RIO TURBIO                ;DESARROLLO RIO TURBIO - RIO TURBIO                                                                  ;
3030;DESEADENSES UNIDOS - PUERTO DESEADO               ;DESEADENSES UNIDOS - PUERTO DESEADO                                                                 ;
3031;DESEADO VA A VIVIR MEJOR - PUERTO DESEADO         ;DESEADO VA A VIVIR MEJOR - PUERTO DESEADO                                                           ;
3032;EL CALAFATE Y VOS - EL CALAFATE                   ;EL CALAFATE Y VOS - EL CALAFATE                                                                     ;
3033;EL CAMBIO EN CALAFATE - EL CALAFATE               ;EL CAMBIO EN CALAFATE - EL CALAFATE                                                                 ;
3034;EL CAMBIO ES DE TODOS - LAS HERAS                 ;EL CAMBIO ES DE TODOS - LAS HERAS                                                                   ;
3035;EL CAMBIO JUSTO - 28 DE NOVIEMBRE                 ;EL CAMBIO JUSTO - 28 DE NOVIEMBRE                                                                   ;
3036;EL CAMBIO JUSTO - CALETA OLIVIA                   ;EL CAMBIO JUSTO - CALETA OLIVIA                                                                     ;
3037;EL CAMBIO JUSTO - PIEDRA BUENA                    ;EL CAMBIO JUSTO - PIEDRA BUENA                                                                      ;
3038;EL CAMBIO JUSTO - PROVINCIAL                      ;EL CAMBIO JUSTO - PROVINCIAL                                                                        ;
3039;EL CAMBIO JUSTO - PUERTO DESEADO                  ;EL CAMBIO JUSTO - PUERTO DESEADO                                                                    ;
3040;EL CAMBIO JUSTO - RIO GALLEGOS                    ;EL CAMBIO JUSTO - RIO GALLEGOS                                                                      ;
3041;EL CAMBIO JUSTO - RIO TURBIO                      ;EL CAMBIO JUSTO - RIO TURBIO                                                                        ;
3042;EL CAMBIO YA EMPEZO - PICO TRUNCADO               ;EL CAMBIO YA EMPEZO - PICO TRUNCADO                                                                 ;
3043;EL CAMINO DEL CAMBIO - PROVINCIAL                 ;EL CAMINO DEL CAMBIO - PROVINCIAL                                                                   ;
3044;EL CAMINO DEL CAMBIO - RIO GALLEGOS               ;EL CAMINO DEL CAMBIO - RIO GALLEGOS                                                                 ;
3045;EL CAMINO DEL CAMBIO - SAN JULIAN                 ;EL CAMINO DEL CAMBIO - SAN JULIAN                                                                   ;
3046;EMPIEZA EL CAMBIO - PTO. DESEADO                  ;EMPIEZA EL CAMBIO - PTO. DESEADO                                                                    ;
3047;ENCUENTRO CIUDADANO - EL CALAFATE                 ;ENCUENTRO CIUDADANO - EL CALAFATE                                                                   ;
3048;ENCUENTRO CIUDADANO - PICO TRUNCADO               ;ENCUENTRO CIUDADANO - PICO TRUNCADO                                                                 ;
3049;ENCUENTRO CIUDADANO - PUERTO DESEADO              ;ENCUENTRO CIUDADANO - PUERTO DESEADO                                                                ;
3050;ENCUENTRO CIUDADANO - RIO GALLEGOS                ;ENCUENTRO CIUDADANO - RIO GALLEGOS                                                                  ;
3051;ENCUENTRO CIUDADANO POR SANTA CRUZ                ;ENCUENTRO CIUDADANO POR SANTA CRUZ                                                                  ;
3052;FIRMES Y DIGNOS - CALETA OLIVIA                   ;FIRMES Y DIGNOS - CALETA OLIVIA                                                                     ;
3053;FORJAR LAS HERAS - LAS HERAS                      ;FORJAR LAS HERAS - LAS HERAS                                                                        ;
3054;FRENTE DE LA ESPERANZA - PUERTO DESEADO           ;FRENTE DE LA ESPERANZA - PUERTO DESEADO                                                             ;
3055;FRENTE IZQUIERDA Y LOS TRABAJADORES               ;FRENTE IZQUIERDA Y LOS TRABAJADORES                                                                 ;
3056;FRENTE IZQUIERDA Y LOS TRABAJADORES - 28 DE NOVIEM;FRENTE IZQUIERDA Y LOS TRABAJADORES - 28 DE NOVIEMBRE                                               ;
3057;FRENTE IZQUIERDA Y LOS TRABAJADORES - CALETA OLIVI;FRENTE IZQUIERDA Y LOS TRABAJADORES - CALETA OLIVIA                                                 ;
3058;FRENTE IZQUIERDA Y LOS TRABAJADORES - EL CALAFATE ;FRENTE IZQUIERDA Y LOS TRABAJADORES - EL CALAFATE                                                   ;
3059;FRENTE IZQUIERDA Y LOS TRABAJADORES - GOB. GREGORE;FRENTE IZQUIERDA Y LOS TRABAJADORES - GOB. GREGORES                                                 ;
3060;FRENTE IZQUIERDA Y LOS TRABAJADORES - LAS HERAS   ;FRENTE IZQUIERDA Y LOS TRABAJADORES - LAS HERAS                                                     ;
3061;FRENTE IZQUIERDA Y LOS TRABAJADORES - LOS ANTIGUOS;FRENTE IZQUIERDA Y LOS TRABAJADORES - LOS ANTIGUOS                                                  ;
3062;FRENTE IZQUIERDA Y LOS TRABAJADORES - PERITO MOREN;FRENTE IZQUIERDA Y LOS TRABAJADORES - PERITO MORENO                                                 ;
3063;FRENTE IZQUIERDA Y LOS TRABAJADORES - PICO TRUNCAD;FRENTE IZQUIERDA Y LOS TRABAJADORES - PICO TRUNCADO                                                 ;
3064;FRENTE IZQUIERDA Y LOS TRABAJADORES - PUERTO DESEA;FRENTE IZQUIERDA Y LOS TRABAJADORES - PUERTO DESEADO                                                ;
3065;FRENTE IZQUIERDA Y LOS TRABAJADORES - PUERTO SANTA;FRENTE IZQUIERDA Y LOS TRABAJADORES - PUERTO SANTA CRUZ                                             ;
3066;FRENTE IZQUIERDA Y LOS TRABAJADORES - RIO GALLEGOS;FRENTE IZQUIERDA Y LOS TRABAJADORES - RIO GALLEGOS                                                  ;
3067;GALLEGOS MERECE ESTAR MEJOR - RIO GALLEGOS        ;GALLEGOS MERECE ESTAR MEJOR - RIO GALLEGOS                                                          ;
3068;GESTION INTEGRADORA SANTACRUCEÑA - SANTA CRUZ     ;GESTION INTEGRADORA SANTACRUCEÑA - SANTA CRUZ                                                       ;
3069;GESTION Y COMPROMISO - LOS ANTIGUOS               ;GESTION Y COMPROMISO - LOS ANTIGUOS                                                                 ;
3070;IGUALDAD, FUTURO Y COMPROMISO - PERITO MORENO     ;IGUALDAD, FUTURO Y COMPROMISO - PERITO MORENO                                                       ;
3071;JP OKTUBRE - LAS HERAS                            ;JP OKTUBRE - LAS HERAS                                                                              ;
3072;JUNTOS A LA VICTORIA - RIO TURBIO                 ;JUNTOS A LA VICTORIA - RIO TURBIO                                                                   ;
3073;JUNTOS PARA EL CAMBIO - RIO TURBIO                ;JUNTOS PARA EL CAMBIO - RIO TURBIO                                                                  ;
3074;JUNTOS PARA VIVIR MEJOR - GOB GREGORES            ;JUNTOS PARA VIVIR MEJOR - GOB GREGORES                                                              ;
3075;JUNTOS PODEMOS - 28 DE NOVIEMBRE                  ;JUNTOS PODEMOS - 28 DE NOVIEMBRE                                                                    ;
3076;JUNTOS POR EL CAMBIO - LOS ANTIGUOS               ;JUNTOS POR EL CAMBIO - LOS ANTIGUOS                                                                 ;
3077;JUNTOS POR EL CAMBIO - PROVINCIAL                 ;JUNTOS POR EL CAMBIO - PROVINCIAL                                                                   ;
3078;JUNTOS POR GREGORES - GOB GREGORES                ;JUNTOS POR GREGORES - GOB GREGORES                                                                  ;
3079;JUNTOS POR UN CAMBIO MEJOR - CTE. L .PIEDRA BUENA ;JUNTOS POR UN CAMBIO MEJOR - CTE. L .PIEDRA BUENA                                                   ;
3080;JUNTOS QUEREMOS CAMBIAR - PIEDRABUENA             ;JUNTOS QUEREMOS CAMBIAR - PIEDRABUENA                                                               ;
3081;JUVENTUD LA FUERZA DE PERITO - PERITO MORENO      ;JUVENTUD LA FUERZA DE PERITO - PERITO MORENO                                                        ;
3082;KOLINA INTEGRACION RIO GALLEGOS - RIO GALLEGOS    ;KOLINA INTEGRACION RIO GALLEGOS - RIO GALLEGOS                                                      ;
3083;KOLINA TRANSFORMANDO RIO GALLEGOS - RIO GALLEGOS  ;KOLINA TRANSFORMANDO RIO GALLEGOS - RIO GALLEGOS                                                    ;
3084;LA GENERACION DEL CAMBIO - RIO TURBIO             ;LA GENERACION DEL CAMBIO - RIO TURBIO                                                               ;
3085;LAS HERAS SOMOS TODOS - LAS HERAS                 ;LAS HERAS SOMOS TODOS - LAS HERAS                                                                   ;
3086;LEALTAD CON FE - PUERTO DESEADO                   ;LEALTAD CON FE - PUERTO DESEADO                                                                     ;
3087;LEALTAD Y COMPROMISO - LOS ANTIGUOS               ;LEALTAD Y COMPROMISO - LOS ANTIGUOS                                                                 ;
3088;MEJOR GESTION - PROVINCIAL                        ;MEJOR GESTION - PROVINCIAL                                                                          ;
3089;MERECEMOS ESTAR MEJOR - PROVINCIAL                ;MERECEMOS ESTAR MEJOR - PROVINCIAL                                                                  ;
3090;MILITANCIA SANJULIANENSE - SAN JULIAN             ;MILITANCIA SANJULIANENSE - SAN JULIAN                                                               ;
3091;MOVIMIENTO AL SOCIALISMO                          ;MOVIMIENTO AL SOCIALISMO                                                                            ;
3092;MOVIMIENTO SOCIALISTA DE LOS TRABAJADORES         ;MOVIMIENTO SOCIALISTA DE LOS TRABAJADORES                                                           ;
3093;NUEVA REFERENCIA - PUERTO SAN JULIAN              ;NUEVA REFERENCIA - PUERTO SAN JULIAN                                                                ;
3094;PENSANDO EL FUTURO - PUERTO DESEADO               ;PENSANDO EL FUTURO - PUERTO DESEADO                                                                 ;
3095;PERITO SOMOS TODOS - PERITO MORENO                ;PERITO SOMOS TODOS - PERITO MORENO                                                                  ;
3096;PODEMOS VIVIR MEJOR - PUERTO SANTA CRUZ           ;PODEMOS VIVIR MEJOR - PUERTO SANTA CRUZ                                                             ;
3097;POR SIEMPRE SANTA CRUZ - PROVINCIAL               ;POR SIEMPRE SANTA CRUZ - PROVINCIAL                                                                 ;
3098;POR UN CAMBIO - PIEDRA BUENA                      ;POR UN CAMBIO - PIEDRA BUENA                                                                        ;
3099;POR UN DESEADO MEJOR - PUERTO DESEADO             ;POR UN DESEADO MEJOR - PUERTO DESEADO                                                               ;
3100;POR UN FUTURO MEJOR - CALETA OLIVIA               ;POR UN FUTURO MEJOR - CALETA OLIVIA                                                                 ;
3101;POR UN GREGORES MEJOR- GOB GREGORES               ;POR UN GREGORES MEJOR- GOB GREGORES                                                                 ;
3102;POR UN MEJOR FUTURO - LAS HERAS                   ;POR UN MEJOR FUTURO - LAS HERAS                                                                     ;
3103;PRIMERO CALAFATE - EL CALAFATE                    ;PRIMERO CALAFATE - EL CALAFATE                                                                      ;
3104;PRIMERO PERITO MORENO - PERITO MORENO             ;PRIMERO PERITO MORENO - PERITO MORENO                                                               ;
3105;PRIMERO PICO TRUNCADO - PICO TRUNCADO             ;PRIMERO PICO TRUNCADO - PICO TRUNCADO                                                               ;
3106;PRIMERO PIEDRA BUENA - PIEDRA BUENA               ;PRIMERO PIEDRA BUENA - PIEDRA BUENA                                                                 ;
3107;PRIMERO PUERTO SANTA CRUZ - PUERTO SANTA CRUZ     ;PRIMERO PUERTO SANTA CRUZ - PUERTO SANTA CRUZ                                                       ;
3108;PRIMERO SANTA CRUZ - LAS HERAS                    ;PRIMERO SANTA CRUZ - LAS HERAS                                                                      ;
3109;PRIMERO SANTA CRUZ - RIO GALLEGOS                 ;PRIMERO SANTA CRUZ - RIO GALLEGOS                                                                   ;
3110;PROGRESO PARA 28 - 28 DE NOVIEMBRE                ;PROGRESO PARA 28 - 28 DE NOVIEMBRE                                                                  ;
3111;PROSPERIDAD Y DESARROLLO - 28 DE NOVIEMBRE        ;PROSPERIDAD Y DESARROLLO - 28 DE NOVIEMBRE                                                          ;
3112;PROYECTAR SANTA CRUZ - 28 DE NOVIEMBRE            ;PROYECTAR SANTA CRUZ - 28 DE NOVIEMBRE                                                              ;
3113;PROYECTO CALETA - CALETA OLIVIA                   ;PROYECTO CALETA - CALETA OLIVIA                                                                     ;
3114;RENOVANDO ESPERANZAS - PTO. SANTA CRUZ            ;RENOVANDO ESPERANZAS - PTO. SANTA CRUZ                                                              ;
3115;RIO GALLEGOS ENTRE TODOS - RIO GALLEGOS           ;RIO GALLEGOS ENTRE TODOS - RIO GALLEGOS                                                             ;
3116;SABEMOS COMO HACERLO - CALETA OLIVIA              ;SABEMOS COMO HACERLO - CALETA OLIVIA                                                                ;
3117;SAN JULIAN SOMOS TODOS - SAN JULIAN               ;SAN JULIAN SOMOS TODOS - SAN JULIAN                                                                 ;
3118;SANTA CRUZ SOMOS TODOS - PROVINCIAL               ;SANTA CRUZ SOMOS TODOS - PROVINCIAL                                                                 ;
3119;SIEMPRE CALETA - CALETA OLIVIA                    ;SIEMPRE CALETA - CALETA OLIVIA                                                                      ;
3120;SIEMPRE PERITO MORENO - PERITO MORENO             ;SIEMPRE PERITO MORENO - PERITO MORENO                                                               ;
3121;SIEMPRE SANTA CRUZ - PROVINCIAL                   ;SIEMPRE SANTA CRUZ - PROVINCIAL                                                                     ;
3122;SOCIALISMO SANTACRUCEÑO - PICO TRUNCADO           ;SOCIALISMO SANTACRUCEÑO - PICO TRUNCADO                                                             ;
3123;SOL PARA TODOS - RIO GALLEGOS                     ;SOL PARA TODOS - RIO GALLEGOS                                                                       ;
3124;SOMOS LA DIFERENCIA - PICO TRUNCADO               ;SOMOS LA DIFERENCIA - PICO TRUNCADO                                                                 ;
3125;SOÑANDO JUNTOS POR CALETA - CALETA OLIVIA         ;SOÑANDO JUNTOS POR CALETA - CALETA OLIVIA                                                           ;
3126;SUEÑOS SANTACRUCEÑOS - RIO GALLEGOS               ;SUEÑOS SANTACRUCEÑOS - RIO GALLEGOS                                                                 ;
3127;SUMAR PARA CRECER - PERITO MORENO                 ;SUMAR PARA CRECER - PERITO MORENO                                                                   ;
3128;TODOS JUNTOS - EL CALAFATE                        ;TODOS JUNTOS - EL CALAFATE                                                                          ;
3129;TODOS PARA LOS ANTIGUOS - LOS ANTIGUOS            ;TODOS PARA LOS ANTIGUOS - LOS ANTIGUOS                                                              ;
3130;TODOS POR EL CAMBIO - LAS HERAS                   ;TODOS POR EL CAMBIO - LAS HERAS                                                                     ;
3131;TODOS POR LAS HERAS - LAS HERAS                   ;TODOS POR LAS HERAS - LAS HERAS                                                                     ;
3132;TRANSFORMACION SANTACRUCEÑA - PUERTO SANTA CRUZ   ;TRANSFORMACION SANTACRUCEÑA - PUERTO SANTA CRUZ                                                     ;
3133;TRUNCADO AVANZA - PICO TRUNCADO                   ;TRUNCADO AVANZA - PICO TRUNCADO                                                                     ;
3134;TRUNCADO GANA - PICO TRUNCADO                     ;TRUNCADO GANA - PICO TRUNCADO                                                                       ;
3135;TRUNCADO PRIMERO - PICO TRUNCADO                  ;TRUNCADO PRIMERO - PICO TRUNCADO                                                                    ;
3136;UNIDOS POR CALETA - CALETA OLIVIA                 ;UNIDOS POR CALETA - CALETA OLIVIA                                                                   ;
3137;UNION PARA CAMBIAR LAS HERAS - LAS HERAS          ;UNION PARA CAMBIAR LAS HERAS - LAS HERAS                                                            ;
3138;UNION PARA EL CAMBIO - PROVINCIAL                 ;UNION PARA EL CAMBIO - PROVINCIAL                                                                   ;
3139;VALORES PARA MI CIUDAD - CALETA OLIVIA            ;VALORES PARA MI CIUDAD - CALETA OLIVIA                                                              ;
3140;VAMOS A VIVIR MEJOR - EL CALAFATE                 ;VAMOS A VIVIR MEJOR - EL CALAFATE                                                                   ;
3141;VAMOS A VIVIR MEJOR - SAN JULIAN                  ;VAMOS A VIVIR MEJOR - SAN JULIAN                                                                    ;
3142;VAMOS DESEADO - PTO. DESEADO                      ;VAMOS DESEADO - PTO. DESEADO                                                                        ;
9997;OTROS                                             ;OTROS                                                                                               ;
9998;RESTO DE AGRUPACIONES                             ;RESTO DE AGRUPACIONES                                                                               ;
