Seccion,Circuito,Escuela,Direccion,votos,Mesa desde, Mesa hasta,Lat,Long
1,1,CENTRO EDUC.NIVEL MEDIO ADULTO,DEAN FUNES 417,1658,1,7,-64.1896544568,-31.4146374528
1,1,COL NAC DE MONSERRAT,OBISPO TREJO 294,4031,20,36,-64.1865476207,-31.4192433227
1,1,ESC NUESTRA SEÑORA DEL HUERTO,BELGRANO 269,2821,8,19,-64.1887875291,-31.4177066297
1,1,ESC SANTA TERESA DE JESUS,OBISPO TREJO Y SANABRIA 160,2336,37,46,-64.1860599352,-31.4174905066
1,2,ESC JUAN BAUTISTA ALBERDI,GRAL PAZ 486,3744,47,63,-64.1842588827,-31.409652285
1,3,ESC JERONIMO LUIS DE CABRERA,SANTA ROSA 650,3510,64,78,-64.1915263842,-31.4099415115
1,3,ESC MARIANO MORENO,SANTA ROSA ESQ SANTA FE,3526,108,121,-64.2001500243,-31.4078542903
1,3,ESC NORMAL ALEJANDRO CARBO,AV COLON 951,2525,98,107,-64.1959291144,-31.4101741415
1,3,ESC SANTO TOMAS,CASEROS 745,1974,90,97,-64.195136179,-31.4156522511
1,3,IPEM N° 270 GRAL M BELGRANO,DEAN FUNES 850,2767,79,89,-64.1953629963,-31.4127168048
1,4,COL NACIONAL DEAN FUNES,PERU 10,3905,132,147,-64.1895759427,-31.4313779956
1,4,ENET N° 3 LEOPOLDO LUGONES,ITUZAINGO 483,2482,122,131,-64.1831800723,-31.4228801422
1,4,FAC DE CIENCIAS ECONOMICAS,AV VALPARAISO CDAD  UNIVERSITARIA,3753,157,172,-64.1870740199,-31.434911566
1,4,IPEM 38 FRANC. PABLO DE MAURO,PAUNERO Y ARENAL,1720,173,179,-64.1795569361,-31.4340362213
1,5,ESC ESPAÑA,M BRAVO Y ENTRE RIOS,3939,303,317,-64.1221285249,-31.4255580436
1,5,ESC ESTANISLAO DEL CAMPO,ESTADOS UNIDOS Y RIO 1°  B°ALTAMIRA,1352,326,331,-64.1325326158,-31.4237667546
1,5,ESC M FRAGUEIRO,ENTRE RIOS 3373 B°PQUE SAN  VICENTE,2580,332,342,-64.1413950448,-31.4250466635
1,5,ESC PANAMERICANA,SOTO 919 - B°ACOST,2087,318,325,-64.1253711731,-31.4217392587
1,6,COL SAN RAMON NONATO,AVDA PATRIA 282 B°ALTO GRAL  PA,1779,544,550,-64.15753617,-31.410499245
1,6,ESC TENIENTE GRAL ARAMBURU,GARIBALDI 710 B°ALTO GRAL  PAZ,2252,535,543,-64.1565783512,-31.4051397395
1,7,ESC J FUNES DE BONET,CNO PAJAS BLANCAS KM 8,160,636,636,-64.2081540977,-31.3293414938
1,8,ESC RABINDRANAT TAGORE,OCARINA 1613 - B° V CLAUDINA,464,853,854,-64.1228322384,-31.3885796906
1,9,ESC PROVINCIA DE CORRIENTES,DOMINGO ZIPOLI 1358  B°ESCOBA,2151,948,955,-64.2173253027,-31.3913259049
1,9,INST ESCUTI,NAZARET 3399 - B° LAS ROSAS,2600,956,965,-64.2291891622,-31.3904038204
1,10,E.N.E.T. N°1 DR A SABATTINI,AV VELEZ SARSFIELD 1490  B°GÜEMES,2469,1182,1191,-64.1930525958,-31.4329324102
1,10,ESC MANUEL BELGRANO,SUECIA 2832 B° PQUE VELEZ  SARSFIELD,2267,1192,1200,-64.2059028842,-31.4436742539
1,10,ESC ROQUE SAENZ PEÑA,AV VELEZ SARSFIELD 1000  B°GÜEMES,3544,1150,1163,-64.1910546267,-31.4271210132
1,10,INST EDUCACION CORDOBA,FERREYRA Y FRIULI B°COL DE V  SARSF,4530,1164,1181,-64.1959120385,-31.4380677527
1,11,ESC ISABEL LA CATOLICA,SUBOF OTANO S/N° B°  AERONAUTICO,3160,1595,1606,-64.2716764603,-31.4306907186
1,12,ESC CONSTANCIO C VIGIL,J.LLERENA 5561 - B° SAN  LORENZO,2189,2047,2054,-64.1094001088,-31.4542229075
1,12,ESC JUAN XXIII,BENAVIDEZ Y CANESA - B°N  AVELLANEDA,2657,2035,2046,-64.1041496202,-31.4630039957
1,12,ESC MUNIC OSCAR SOTO LOPEZ,LOS ALGARROBOS/ESPINILLOS,1309,2055,2059,-64.0982910172,-31.461996576
1,13,ESC ARISTOBULO DEL VALLE,M DE JAUREGUI 1657 B°L N  ALEM,2509,2367,2376,-64.1503248248,-31.3917521696
1,13,ESC ASOCIACION DE MAYO,COLOMPREA 1500 B° ALEM,1558,2377,2382,-64.1603906871,-31.3909226889
2,15,ESC PROV D VELEZ SARFIELD,AYLLU 0,204,3085,3085,-64.5728564,-32.1751529
2,16,ESC PROV. M.BELGRANO,PUBLICA S/N,89,3088,3088,-64.3772314,-32.2474181
2,17,ESCUELA B. ROLDAN,TUCUMAN 121,2598,3092,3101,-64.3989497874,-32.2147985862
2,17,ESCUELA R. OBLIGADO,CAMINO A HOTELES DE U.T.E.  PUBLICA 0,2661,3102,3111,-64.420260296,-32.2137400821
2,18,ESC PROV DOMINGO F SARMIENTO,SARMIENTO 376,705,3112,3114,-64.4834006,-32.3030054
2,18,INST DR D VELEZ SARSFIELD,SARMIENTO 236,462,3115,3116,-64.4832156241,-32.3021540014
2,19,ESC. PROV. FRENCH Y BERUTTI,LOS CONDORES,1355,3121,3125,-64.756441097,-32.0954613604
2,20,ESC PROV PEDRO B PALACIOS,MANUEL BELGRANO S/N,838,3129,3131,-64.5758833983,-31.9198930654
2,21,ESC. DR. JUAN M. ALBARENQUE,PUBLICA 0,219,3154,3154,-64.3313616,-32.0944427
2,22,ESC. PROV. D.F. SARMIENTO,SARMIENTO 0,833,3155,3158,-64.5906076622,-32.5293922822
2,23,ESC.PROV. FRENCH Y BERUTTI,CORDOBA 0,821,3159,3161,-64.7561258945,-32.0952685676
2,24,ESC PROV PRIMERA JUNTA,AMADEO SABATTINI 143,1424,3162,3168,-64.480212,-32.1861575
2,25,COLEGIO SAN JOSE,SAN AGUSTIN,1070,3183,3186,-64.3745196613,-31.9725062436
2,25,ESC. PROV.GRAL. SAN MARTIN,SAN AGUSTIN,1338,3178,3182,-64.3776019233,-31.976113141
2,26,COLEGIO NAC. DR.D.V. SARSFIELD,SANTA ROSA,2642,3207,3218,-64.4832156241,-32.3021540014
2,26,PRIM-EL MUNDO DE LOS CHICOS,GUEMES 162,1554,3189,3194,-64.5387051942,-32.0669002523
3,27,ESCUELA DR. PABLO RUEDA,LA GRANJA,2130,3223,3230,-64.2676092,-31.0082966
3,28,ESC ELADIO DIEZ,ALVEAR ESQ SARMIENTO,2168,3231,3238,-64.3409535567,-31.3405455034
3,28,ESCUELA PROV.J.J.PASO-CENMA,CALERA,2988,3257,3267,-64.3361549788,-31.3401888537
3,28,INSTITUTO D.F.SARMIENTO,CALERA,4788,3239,3256,-64.3347340346,-31.3429528787
3,28,INSTITUTO JESUS MARIA,CALERA,2102,3268,3276,-64.3347476686,-31.3430828233
3,29,ESC. PRESBITERO BONORIS,COLONIA CAROYA 0,2944,3327,3337,-64.0629449797,-31.0209355979
3,29,ESC. PROV. GRAL SAN MARTIN,MAESTRA OLGA PROSDOCIMO  3580,2776,3317,3326,-64.0663728216,-31.0212250469
3,29,ESC.PROV. M. BELGRANO,COLONIA CAROYA,2772,3307,3316,-64.0904166221,-31.0086531439
3,29,ESCUELA M. MORENO,JUSTINIANO CELIZ HEREDIA 650,2179,3338,3345,-64.0433396967,-31.0464305052
3,29,IPEM 165 ANEXO J.BONORIS,COLONIA CAROYA,1657,3346,3351,-64.0629449797,-31.0209355979
3,30,ESC PROV DR PABLO RUEDA,PUBLICA S/N,1314,3361,3365,-64.0675929922,-31.2282770053
3,30,ESCUELA NACIONAL N°31,PUBLICA-SANTA ELENA RUTA  74KM22,1895,3353,3360,-64.066999506,-31.2405286009
3,31,ESC.PROV.A.ARGENTINA,EL MANZANO SOBRE RUTA E 53,728,3366,3368,-64.2897140915,-31.0920076336
3,32,ESC PROV GRAL JOSE MARIA PAZ,BUENOS AIRES Y CORDOBA,1185,3376,3381,-64.1406522,-31.1352458
3,33,ESC.N°21 GENDARMERIA NACIONAL,JESUS MARIA,2562,3450,3460,-64.0909252877,-30.9770007283
3,33,ESC.DR. J.M.ESTRADA N° 221,CATAMARCA Y ESTRADA 0,3313,3410,3422,-64.1039127596,-30.9826767425
3,33,ESC.PROV.1ER.TTE.MORANDINI,CHILE -SAN JOSE OBRERO 222,2851,3423,3434,-64.0942445553,-30.9858552539
3,33,ESC.PROVC.F.O. DE OCAMPO,AV. DR. FRANCISCO N. DE  LAPRIDA 649 649,3371,3435,3449,-64.0949956674,-30.9808674341
3,33,I.P.E.T.N° 69,JESUS MARIA,3369,3397,3409,-64.0950703401,-30.9863514536
3,33,PTE DOMINGO F SARMIENTO,CORDOBA (PARALEA A JUAN B  JUSTO) 1050,3797,3382,3396,-64.0983922981,-30.9843111575
3,34,ESC PROV LEOPOLDO LUGONES,VILLA LOS LLANOS 0,2104,3462,3469,-64.1670194357,-31.2799575182
3,34,ESC.ATAHUALPA YUPANQUI,BARRIO PARQUE NORTE,2130,3478,3485,-64.1803797522,-31.2999639949
3,34,ESC.COM.R. SILIONI,JUAREZ CELMAN,2085,3470,3477,-64.1667900001,-31.2615429949
3,35,ESC.CAP.LUIS C.CANDELARIA,MALVINAS ARGENTINAS,2099,3486,3494,-64.043335795,-31.3666216922
3,35,ESC.MUNIC.CIUDAD DE M.ARGENTIN,MALVINAS ARGENTINAS,1897,3495,3502,-64.0462060001,-31.3741939948
3,35,I.P.E.M. N° 24,JUJUY ESQ. SARMIENTO S/N  MALVINAS AR 0,2959,3503,3514,-64.0537650001,-31.3806299948
3,36,ESC PROV SARGENTO CABRAL,PUBLICA S/N,220,3518,3518,-64.0671889584,-31.164950274
3,37,ESC.CONSTANCIO C. VIGIL,1 MAYO B° MOREYRA 112,1812,3560,3566,-64.3288800004,-31.1649906064
3,37,ESC.PROV.M.FRAGUEIRO,AVENIDA SAN MARTIN 4519,2887,3529,3539,-64.3161380845,-31.1710537605
3,37,I.P.E.M.144-MARIANO MORENO,SALTA 191,2102,3540,3548,-64.3175619713,-31.166715478
3,37,INSTITUTO DEL ESPIRITU SANTO,AV. SAN MARTIN 5109,2826,3549,3559,-64.3220803526,-31.1665995728
3,37,IPEM N° 352,NICANOR CEBALLOS 0,2614,3519,3528,-64.3175619713,-31.166715478
3,38,ESC.PROV. J.MALDONADO,DESIDERIO TORRES 360,2647,3573,3583,-64.2981720001,-31.136236995
3,38,ESCUELA RECONQUISTA,CERRITO 0,1061,3584,3587,-64.2882310001,-31.137853995
3,38,INST SECUNDARIO SALSIPUEDES,AV BELGRANO 178,1351,3567,3572,-64.294770956,-31.1378971291
3,39,ESC.PROV. FRAY M.ESQUIU,PUBLICA 0,45,3588,3588,-63.9780883709,-31.0563601403
3,40,ESC.PROV. D.V.SARSFIELD,SARMIENTO Y VELEZ SARSFIELD  0,2384,3589,3597,-64.3100581007,-31.2372538969
3,40,I.P.E.M. N° 23,SPILIMBERGO 869,2379,3598,3606,-64.3173583226,-31.2277475521
3,40,I.P.E.M. N° 78,COSTANERA LOS CIGARRALES B  750,4024,3607,3621,-64.3058143444,-31.2415773458
3,40,INST.PARROQ.NTA.SRA DE LOURDES,JUAN MILICH 0,2889,3622,3632,-64.3113097765,-31.237065941
3,41,COLEGIO MARYLAND,GUEMES ESQ ALBERTI,1107,3726,3729,-64.2976868251,-31.2880368325
3,41,COLEGIO SAN JOSE,VILLA ALLENDE,3005,3667,3678,-64.2984676448,-31.2905600662
3,41,ESC.PROV. J.DE SAN MARTIN,GOYCOECHEA 150,3536,3654,3666,-64.2973235134,-31.2954758117
3,41,INST GRAL S.MARTIN/17 DE AGOST,25 DE MAYO ESQ. TABLADA 0,7785,3687,3715,-64.2953838069,-31.2927168394
3,41,INSTITUTO NTA.SRA. DE LUJAN,AV.SAN MARTIN 1070,2422,3716,3725,-64.3056018139,-31.3021624658
3,41,INSTITUTO PAULA A.DE SARMIENTO,LAPRIDA/GONZALEZ,1895,3679,3686,-64.2985444551,-31.2971425363
4,42,ESCUELA PROV.M. MORENO,PUBLICA S/N,440,3756,3757,-65.0527317,-30.7943682
4,44,ESC.E. BAVIO,PELLEGRINI 180,3101,3791,3803,-64.8066919979,-30.7261333089
4,44,IPEM 273 M. BELGRANO,PELLEGRINI 445,3034,3820,3832,-64.8092563294,-30.7238944471
4,45,ESC PROV MANUEL BELGRANO,PUBLICA S/N,465,3835,3837,-64.8771898278,-30.672136977
4,46,ESC PROV GRAL SAN MARTIN,PUBLICA S/N,298,3838,3840,-65.0594983027,-30.4828811402
4,47,ESC PROV JOSE MARIA PAZ,PUBLICA S/N,63,3842,3842,-65.2612810082,-30.6621832105
4,48,ESC PROV GRAL SAN MARTIN,RUTA PROVINCIAL N°15 S/N,381,3843,3844,-65.1028058,-31.0157259
1,4A,ESC ALMAFUERTE,CHANETON 390 B° SAN  FERNANDO,1914,187,193,-64.1925754324,-31.4473254297
1,4A,ESC COM R ECHEGOYEN,J I DIAZ 200 B° EJERCITO  ARGENTINO,2193,194,201,-64.1970114712,-31.4456123155
1,4A,ESC ERNESTO BANCALARI,MONTERROSO 4597 B° ARTIGAS,1915,180,186,-64.200448433,-31.4650335098
1,4A,ESC SAN FRANCISCO DE ASIS,GUARDADO 184 B°LAS FLORES,7491,202,229,-64.1975816087,-31.4537833018
1,4B,COL NICOLAS BERROTARAN,ELIAS YOFRE 1095 - B° JARDIN,3521,262,274,-64.1798455966,-31.4505744832
1,4B,ESC ING MASJOAN,P.L.DE CABRERA ESQ.TANTI B°V.  REVOL,2428,252,261,-64.1715986402,-31.4475664954
1,4B,INST EDUC NTRA SEÑORA,INCA MANCO 3450 - B°JARDIN  ESPINOSA,5901,230,251,-64.1748517577,-31.4544307587
1,4C,ESC L SUAREZ DE FIGUEROA,DEFENSA S/N° LA HUERTILLA,1337,275,279,-64.2037910108,-31.4716363836
1,4C,ESC SAN JOSE DE CALASANZ,PIZARRO ESQ. NIVOLI,1903,280,286,-64.1936382609,-31.4767002102
1,4D,COL VILLA EUCARISTICA,CNO A SAN CARLOS KM.5 1/2,1260,287,291,-64.1687142765,-31.4901888069
1,4F,NSC.OSCAR RAUL MALVASIO,MANZANA 49 B° C.OBISPO  ANGELELLI,1152,297,302,-64.1860657432,-31.4962010533
4,50,ESCUELA M. GUEMES,MEDIA NARANJA,640,3846,3848,-64.9314235982,-30.6413535759
4,51,ESCUELA ANTARTIDA ARGENTINA,PUBLICA 0,462,3851,3853,-65.1906047,-30.7668118
4,54,ESC PROV PTE ROQUE SAENZ PEÑA,LIBERTAD 1043,1455,3859,3864,-64.6373578398,-30.7831339259
4,55,ESC.PROV.B.RIVADAVIA,AVDA. MALVINAS ARGENTINAS  0,1615,3866,3873,-65.3854600002,-30.6371999961
4,56,E.N.E.T. N°1,JUAN BAUTISTA ALBERDI 2200,1247,3887,3891,-64.9823930832,-30.8594187908
4,56,ESC NICOLAS AVELLANEDA,DEAN FUNES ESQ CORRIENTES,796,3892,3894,-65.0116118627,-30.8460248778
4,56,ESC.PADRE B.DE LAS CASAS,JOSE IGNACIO PERALTA 249,2060,3875,3882,-64.9868169706,-30.8562228096
4,56,INSTITUTO SANTO DOMINGO,SOTO,1015,3883,3886,-64.9868169706,-30.8562228096
4,57,ESC.PROV.J.J.CASTELLI,PUBLICA 0,458,3895,3896,-65.2378281667,-30.7468712245
1,5A,ELENA LOPEZ LALLANA,AGUSTIN GARZON 5600,2196,349,357,-64.1135058008,-31.4276674112
1,5A,ESC MUNICIPAL A GASTALDI,S JERONIMO 5500/ALMAGRO  COL LOLA,1613,343,348,-64.1150773061,-31.4247885019
1,5B,ESC 9 DE JULIO,JOSE A CABRERA 4717 B°DEAN  FUNES,1574,358,363,-64.1211572085,-31.444325708
1,5C,ESC JUAN M DE PUEYRREDON,ANCASTI 4555 B°EMPALME,2208,389,396,-64.1266464959,-31.4395575198
1,5C,ESC PROVINCIA DE LA RIOJA,JUNIN 3480 B°EMPALME,3526,364,376,-64.1400808163,-31.428503251
1,5C,INST SEC EMPALME GONZALEZ LACA,LAS ARRIAS 4043 B°EMPALME,1370,397,401,-64.2609163028,-31.3129700013
1,5D,ESC CANONIGO PIÑERO,CAMPO LA RIBERA,1293,414,419,-64.1400365039,-31.4079889766
1,5D,ESC MARTIN DE GÜEMES,OBPO CASTELLANOS 256  B°MÜLLER,2003,420,427,-64.1392293186,-31.4129129745
1,5D,IPEM 184-M.FRAGUEIRO,OB.CASTELLANO 955.S.VICENTE,2014,436,443,-64.1398783848,-31.4204915491
1,5E,ESC TTE GRAL P RICCHIERI,BENJAMIN VIEL 2387 - B°V  BUSTOS,2137,444,451,-64.1129969706,-31.4360959784
1,5E,IPEM 136 DR ALFREDO PALACIOS,CALINGASTA 5800 (ESQ  TULUMBA),1305,452,456,-64.1112940462,-31.4408528946
1,5F,ESC M COOPERATIVISMO ARGENTINO,M BRAVO Y PJE.MATHEUB°  RENACIMIENTO,3320,457,468,-64.1217939383,-31.4193843934
1,5G,ESC A F AVALOS,SARGENTO CABRAL 1153 B°SAN  VICENTE,1780,511,517,-64.150115758,-31.4216512023
1,5G,ESC DGO F SARMIENTO,LOPEZ Y PLANES 2253 B°SAN  VICENTE,3046,478,490,-64.1546356776,-31.4205922904
1,5G,ESC MARIA IGNACIA NAVARRO DE L,CORRIENTES 2006 B°SAN  VICENTE,2209,502,510,-64.1580707668,-31.4259257479
1,5G,ESC PTE RIVADAVIA,AGUSTIN GARZON 1563 B°SAN  VICENTE,2222,491,501,-64.1642297706,-31.4239722802
1,5G,ESC SANTA MARGARITA DE CORTONA,LOPEZ Y PLANES 2936 B°SAN  VICENTE,2249,469,477,-64.1453106704,-31.422191714
1,5H,ESC. MADRE MARIA DEL TRANSITO,MANZANA 7. B° VILLA BOEDO,1202,518,522,-64.1079492971,-31.430106864
1,5I,ESCUELA HEROES DE MALVINAS,CALLE PUBLICA S/N (CNO VILLA  POSSE),1105,523,526,-64.1085274028,-31.4438047984
1,6C,ESC NORMAL GARZON AGULLA,VIAMONTE 150 B°GRAL PAZ,4879,568,586,-64.1645746463,-31.4139198801
1,6C,ESC RAMON J CARCANO,VIAMONTE 446 B°GRAL.PAZ,3583,554,567,-64.1655928741,-31.410785129
1,6D,ESC GABRIELA MISTRAL,LEONOR DE TEJEDA B°JUNIORS  1353,2530,587,596,-64.1652468845,-31.4184447323
1,6F,ESC R GÜIRALDES,24 DE SETIEMBRE 2400  B°YAPEYU,3102,613,624,-64.1527973844,-31.4102886413
6,73,ESC.PROV. A.ARGENTINA,CORDOBA ESQ ANTARTIDA  ARGENTINA,923,3984,3987,-63.1638,-32.2001128
6,74,ESC.PROV.D.V.SARSFIELD,RIVADAVIA 410,1029,3993,3996,-63.503903963,-32.3608640672
6,74,INST. SEC. COM. SAN JOSE,ARROYO CABRAL,1314,3988,3992,-63.503903963,-32.3608640672
6,75,ESC.PROV.GRAL SAN MARTIN,25 DE MAYO 55,772,3997,3999,-63.2431809,-32.6612119
6,76,ESC PROV M R DE LA TORRE,DIESCISEIS 582,770,4000,4002,-63.2785101052,-33.0782378315
6,77,ESC.PROV. 12 DE OCTUBRE,ETRURIA,1439,4008,4012,-63.1298695711,-32.9096104584
6,77,INSTITUTO SEC. GRAL PAZ,BV.SRMIENTO Y S.NICOLA 390,1474,4003,4007,-63.1298695711,-32.9096104584
6,78,ESC ESTEBAN ECHEVERRIA,GENERAL PAZ 556,1075,4013,4016,-63.2412265291,-32.8021193349
6,79,ESC.PROV. 25 DE MAYO,LA PLAYOSA,2077,4017,4024,-63.1239502009,-32.0402399611
1,7B,ESC MANUEL LUCERO,MANUEL LUCERO 560 B°ALTA  CORDOBA,4710,656,673,-64.1817184877,-31.3910650912
1,7B,ESC PCIA DE ENTRE RIOS,TRAFALGAR 875 B°ALTA  CORDOBA,2853,674,684,-64.1858155865,-31.3865745616
1,7B,INST CORAZON DE MARIA,A DEL VISO 445 B°ALTA  CORDOBA,3411,685,697,-64.1817305958,-31.3946799587
1,7B,INST MANUEL LUCERO,LAVALLEJA 2257 B°ALTA  CORDOBA,2890,710,720,-64.1825063102,-31.3893335917
1,7B,INST NUESTRA MADRE DE LA MERCE,M FRAGUEIRO B°ALTA CORDOBA  2400,3133,698,709,-64.1838432627,-31.3876761612
1,7D,ESC PCIA DE FORMOSA,RODRIGUEZ PEÑA 1548  B°COFICO,1696,732,738,-64.1900353963,-31.396262228
1,7D,ESC PTE SARMIENTO,R SAENZ PEÑA 1212 B°COFICO,2464,722,731,-64.1827791519,-31.4028711998
1,7D,ESC. GARCIA FAURE,JERONIMO LUIS DE CABRERA  834,2196,739,747,-64.1880493567,-31.3962984164
1,7E,ESC HONORATO LACONI,T DE IROBI B°M DE  SOBREMONTE,3842,748,761,-64.1948052255,-31.3638023683
1,7E,ESC PETER PAN,P DE GUZMAN 131 B°M DE  SOBREMONTE,3562,762,775,-64.2041985107,-31.3675165133
1,7E,J DE INF B.RIVADAVIA,NUFLO DE AGUILAR 541,828,776,778,-64.1950139492,-31.3634276218
1,7G,ESC ARTURO CAPDEVILA,AVELLANEDA 4100  B°MFRAGUEIRO,3279,819,830,-64.1869368655,-31.3664559839
1,7G,IPEM 199 "JUAN EMILIO REMONDA",SOSA REVELLO Y 15 DE  SEPTIEMBRE 590,1594,847,852,-64.1822081159,-31.3680140358
1,7G,J DE INF ARTURO CAPDEVILA,AVELLANEDA 4100 B°M  FRAGUEIRO,533,843,844,-64.1869368655,-31.3664559839
6,80,ESC.PROV.J.V.GONZALEZ,9 DE JULIO 350,498,4025,4026,-63.4782867,-32.5423456
6,81,ESC.PROV. ISLAS MALVINAS,RUTA PROV N 158 0,58,4027,4027,-63.2336866602,-32.304504543
6,82,ESC PROV CMTE L PIEDRABUENA,FELIPE LORENZATTI 875,445,4028,4029,-63.4093490688,-32.6122442585
6,83,ESC.PROV.D.F.SARMIENTO,PASCO,896,4030,4033,-63.3405390276,-32.7470387648
6,84,ESC PROV JOSE DE SAN MARTIN,PUBLICA S/N,35,4034,4034,-63.2488296,-32.5277992
6,86,ESC.PROV.M.GUEMES,ANTONIO CONRERO 24,520,4035,4036,-62.9301068,-32.2500413
6,87,ESC. A. CAPDEVILA,TICINO,1523,4037,4042,-63.4346913026,-32.6946644872
6,88,ESC.R.DE ESCALADA,TIO PUJIO,2317,4043,4051,-63.4619536612,-32.2913386262
6,89,CENMA N° 96,SANTA FE 643,2165,4239,4246,-63.2492097782,-32.4129313257
6,89,ESC.COM.A.OCAMPO,CATAMARCA 650,2967,4200,4211,-63.2497537594,-32.4123005653
6,89,ESC.DR. J.BIANCO,BELGRANO 302,3231,4064,4075,-63.2460789279,-32.4178115073
6,89,ESC.J.INGENIEROS,SANTA FE 1271,3275,4226,4238,-63.2434598513,-32.4092898772
6,89,ESC.REP.DEL PARAGUAY,CHILE 565,2747,4076,4085,-63.2452505903,-32.404116566
6,89,ESCUELA J.MARMOL,NAC. UNIDAS 385,2751,4054,4063,-63.2542192683,-32.4130956603
6,89,INST.LA SANTISIMA TRINIDAD,SARSFIELD 1072,7026,4116,4141,-63.2495,-32.4049
6,89,INSTITUTO DEL ROSARIO,BV.ALVEAR 68,7870,4086,4115,-63.1481429,-32.466561795
6,89,INSTITUTO SAN ANTONIO,RUCCI 141,1091,4247,4250,-63.2471,-32.4117
6,89,IPEM N°275 EX COLEGIO NACIONAL,S.DEL ESTERO 618,3796,4185,4199,-63.2427281098,-32.4197923245
1,8A,ESC EMILIO E SANCHEZ,BARRIENTOS Y HERRERA B°AMPL  PALMAR,2903,855,865,-64.1183667154,-31.3879727559
1,8B,ESC DEAN FUNES,ANA M JANER 1551  B°PUEYRREDON,2547,881,890,-64.1658820851,-31.3984379672
1,8B,ESC FRAY J A DE SAN ALBERTO,ESQUIU 1340 B°PUEYRREDON,1773,866,872,-64.1751385321,-31.4029138916
1,8B,ESC ROBLES,PADRE LUIS MONTI 1850  B°PUEYRREDON,3141,901,912,-64.1639786799,-31.399588358
1,8B,INST OBISPO CAIXAL,ANA M JANER 1250  B°PUEYRREDON,2070,873,880,-64.164585115,-31.4011506059
1,8B,INST SAGRADA FAMILIA,BUCHARDO 1729 B°  PUEYRREDON,2308,913,922,-64.1636054087,-31.4023403966
1,8B,INST SAGRADO CORAZON,ROMA 1153 B°PUEYRREDON,2572,891,900,-64.16742549,-31.4031409028
1,8C,ESC ALMIRANTE BROWN,SAN MARTIN S/N° B° YOFRE SUD,3417,935,947,-64.1376425908,-31.3923744923
1,8C,ESC TRINIDAD MORENO,E SAN MARTIN 1251 B°YOFRE  SUD,3189,923,934,-64.1373889533,-31.3950408126
6,90,ESC.BME.MITRE,MITRE 1147,2303,4251,4258,-63.2483574684,-32.4369324388
6,90,ESC.REP.DE BOLIVIA,D.FUNES 1250,499,4293,4296,-63.2505822332,-32.436888068
6,90,INSTITUTO INMAC.CONCEPCION,CABANILLAS 400,3616,4269,4281,-63.2460699624,-32.4361319298
7,91,ESC.PROV.FRAY M. ESQUIU,PUBLICA S/N,361,4297,4298,-64.2065994,-30.5951751
7,93,ESC.PROV.R. DE NICARAGUA,COPACABANA,254,4304,4304,-64.5573720564,-30.6157627281
7,94,ESC PROV GRAL M GUEMES,PUBLICA S/N,493,4305,4306,-64.6662511129,-30.4692421641
7,95,ESC.A.M.SOBRAL,SANTIAGO DEL ESTERO Y LAS  HERAS 0,2521,4347,4355,-64.3424379919,-30.4293134541
7,95,ESC.AMANDA SUAREZ CORDOBA,SANTA ROSA ESQ. AMADEO  SABATTINI 0,855,4356,4358,-64.3484045381,-30.4127540575
7,95,ESC.M.J.G.DE BELGRANO,JERONIMO L DE CABRERA L  ALGARROBO 451,2707,4316,4325,-64.3623372515,-30.4148137644
7,95,ESC.PEDRO N.ARIAS,CORDOBA 87,3039,4326,4336,-64.3557550956,-30.4237302806
7,95,ESC.PROV. M.MORENO,DORREGO OBRAS SANITARIA  326,2734,4337,4346,-64.3495477794,-30.4278439466
7,95,ESC.PROV.GRAL SAN MARTIN,DEAN FUNES,2490,4307,4315,-64.3491235072,-30.4200085392
7,97,ESCUELA FERNANDO FADER,PUBLICA S/N,58,4361,4361,-64.3653715702,-30.5800311338
7,98,ESCUELA FRAY GUILLERMO BUTLER,PUBLICA S/N,49,4362,4362,-64.538726844,-30.4094967249
7,99,ESC.CIUDAD DE BS.AIRES,QUILINO ESTACION,1573,4363,4368,-64.4946300001,-30.2171199964
7,99,ESC.PROV.M.BELGRANO,QUILINO ESTACION,1537,4369,4374,-64.4946300001,-30.2171199964
1,9A,COL PQUIAL C NAMUNCURA,CIUDAD DEL BARCO 3315 LA  FRANC,2143,973,980,-64.2093381582,-31.3741736314
1,9A,ESC MAHATMA GANDHI,TALAVERA DE MADRID 3261  B°LA FRANCE,1591,966,972,-64.2078432908,-31.3743149938
1,9B,ESC CONGRESO DE TUCUMAN,MALVINO 2772 B°LAS  MARGARITAS,1587,989,994,-64.212251169,-31.3769011235
1,9B,ESC MIGUEL RODRIGUEZ DE LA TOR,LA GRANJA 3199 B°ALTO VERDE,2643,995,1004,-64.220909068,-31.3717393407
1,9B,ESC RICARDO ROJAS,J.LOPEZ 2050 B°ALTOS DE V  CABRER,2118,981,988,-64.2222700835,-31.382866056
1,9C,COLEGIO FERMIN LAFITTE,FCO VALLE 2443 B°LOS  PARAISOS,2621,1015,1024,-64.1957343322,-31.3847688773
1,9C,ESC DE COMERCIO J J PASO,PLATON 3030 B°LOS PARAISO,2581,1005,1014,-64.2002869285,-31.3775346135
1,9C,ESC JUVENILIA,ZARATE 2083 - B° ZUMARAN,1820,1025,1031,-64.2016411349,-31.3766211235
1,9C,ESC PCIA DE MISIONES,FIRPO 2254 B° ZUMAR,3643,1032,1045,-64.2035262522,-31.3745449941
1,9D,COL EL SALVADOR,RAUL CASARIEGO 4479 B°P  LUGONES,2222,1046,1053,-64.2079932854,-31.3625196995
1,9D,ESC LEOPOLDO LUGONES,LESPADA Y GALVEZ B°POETA  LUGONES,2764,1054,1063,-64.2107853719,-31.3626078325
1,9D,IPEM 198 MARTIN FERREYRA,CAMAÑO BAZAN E/CARLES Y  A.GRIMAU 0,2420,1064,1072,-64.2169000602,-31.3591500304
1,9E,ESC PTE HIPOLITO YRIGOYEN,CASTRO BARROS 802 B°SAN  MARTIN,3444,1073,1086,-64.1986744652,-31.3979185246
1,9F,COL NTRA SEÑORA DE LA MERCED,ZELAYA 140 B°SAN MARTIN,2088,1124,1131,-64.196559467,-31.3983075745
1,9F,ESC ANTONIO DEL VISO,SAAVEDRA 619 B°SAN MARTIN,3371,1087,1099,-64.1963579652,-31.3852609535
1,9F,ESC J DE SAN MARTIN,CERRITO Y GALAN B°SAN  MARTIN,1834,1117,1123,-64.1937324903,-31.3911814877
1,9F,INST INMACULADA CONCEPCION,CASTRO BARROS 1316 B°SAN  MARTIN,4458,1100,1116,-64.2025101348,-31.3930627532
1,9G,ESC PRESIDENTE KENNEDY,JULIAN PAZ 1851 VILLA CABRERA,2017,1142,1149,-64.2087247816,-31.3886073286
1,9G,INSTITUTO PEÑA,CIUDAD DE TAMPA 2954 VILLA  CABRERA,2523,1132,1141,-64.2175977191,-31.3836413618
7,100,ESC.PROV.D.V.SARSFIELD,VELEZ SARSFIELD 0,486,4375,4377,-64.4667718999,-30.2075536155
7,101,ESC PROV JOAQUIN V GONZALEZ,PUBLICA S/N,61,4378,4378,-64.446128522,-30.4541730711
8,102,ESC.EL GRAN CAPITAN,ALEJANDRO,1637,4379,4384,-63.6563213001,-33.2964531946
8,102,ESC.MISIONEROS SALESIANOS,ALEJANDRO,2147,4385,4392,-63.6563213001,-33.2964531946
8,105,ESC.SEÑOR DE LA BUENA MUERTE,BENGOLEA,251,4394,4396,-63.6687411623,-33.0257562651
8,106,ESC.PROV.E.F.OLMOS,CABRERA,805,4423,4425,-63.8739500001,-32.8129099949
8,106,ESC.FRAY PIO BENTIVOGLIO,MAIPU BARRIO ARGENTIN 962,1835,4416,4422,-63.8739500001,-32.8129099949
8,106,ESC.PROV.J.M.PAZ,CABRERA,2403,4407,4415,-63.8739500001,-32.8129099949
8,106,INST. G.L.DE CABRERA,CABRERA,2708,4397,4406,-63.8739500001,-32.8129099949
8,108,ESC TTE CNEL J DUATE ARDOY,SARMIENTO 182,799,4432,4434,-64.0484289,-33.0247005
8,109,ESC.PROV.GRAL SAN MARTIN,BV SAN MARTIN 251,3263,4441,4452,-63.7861200001,-32.7564299949
8,109,INST.TEC.ADRIAN P. URQUIA,GENERAL DEHEZA,2380,4453,4461,-63.7861236914,-32.7564317348
8,109,INSTITUTO SEC. 25 DE MAYO,DEHEZA,1583,4435,4440,-63.7861200001,-32.7564299949
1,10A,ESC MUN YAMAHIBIA ARABE LIBIA,COLORADO/GAIMAN/MASCACHI N B°CABILDO,2321,1201,1208,-64.2337751009,-31.4883386045
1,10A,IPEM 311,USUAHIA 2150,1473,1209,1213,-64.235319931,-31.4814299127
1,10B,ESC GDOR J B BUSTOS,CACHEUTA Y BRANDAN-ALTO  V.SARSFIELD,3011,1237,1247,-64.2123952573,-31.4488189126
1,10B,ESC PCIA DE CATAMARCA,AV VELEZ SARSFIELD 3200 LAS  FLORE,4737,1214,1230,-64.2007215396,-31.4512414228
1,10B,ESC REPUBLICA DE SIRIA,TRAFUL 908 B°PQUE ATLANTICA,1372,1231,1236,-64.2105976348,-31.4521219564
1,10B,J DE INF REPUBLICA DE SIRIA,VIRGILIO MOYANO 830,283,1248,1248,-64.207651109,-31.449004301
1,10C,ESC ALEJANDRO CARBO,ICHO CRUZ S/N° B° COMERCIAL,4181,1249,1264,-64.2042650326,-31.4809698793
1,10C,ESC MUNIC AZOR GRIMAUT,SOBREMONTE Y RIO III  B°COMERCIAL,1291,1265,1269,-64.215476482,-31.4841233039
1,10D,ESC MUNIC REPUBLICA DE ITALIA,REALICO Y CURAZAO B°  CONGRESO,1744,1270,1275,-64.2338105386,-31.4671575117
1,10D,IPEM 183"PEDRO B.PALACIOS",REALICO - B° CONGRES 2407,858,1276,1278,-64.235252801,-31.4661624617
1,10E,ESC ALAS ARGENTINA,PETIROSSI Y BONN-ESTACION  FLORES,2425,1299,1307,-64.248884402,-31.4485825718
1,10E,ESC CADETES FUERZA AEREA,LEOPOLDO CASAVEGA 2320,2943,1279,1289,-64.2512286757,-31.4358691986
1,10E,ESC MUNIC CESAR E ROMERO,PUBLICA S/N B°SACHI,1278,1308,1312,-64.2633152564,-31.4545143707
1,10E,ESC PADRE BURON,AVIADOR MIRA VILLA AD 2658,1907,1290,1297,-64.2493479573,-31.4395238634
1,10E,J DE INF CADETES FUERZA AEREA,LEOPOLDO CASAVEGA 2320,266,1298,1298,-64.2512286757,-31.4358691986
1,10F,COL NUESTRA SEÑORA DE FATIMA,VARELA ORTIZ 2600 B°  MATIENZO,3523,1323,1335,-64.2374488651,-31.4389347122
1,10F,ESC AERONAUTICA ARGENTINA,ESMERALDA/CAP GRELLA B°  MATIENZO,2752,1313,1322,-64.2365124648,-31.4383863212
1,10F,ESC MIGUEL A ZABALA ORTIZ,DIAZ DE LA FUENTE 3101  B°MATIENZO,1619,1343,1348,-64.2364227729,-31.4441990064
1,10G,COL NUESTRA SEÑORA DE NIEVA,AYACUCHO 442 B° GUEMES,4360,1384,1401,-64.1914103218,-31.4199697865
1,10G,E.N.E.T. N° 4 COPERNICO,MARIANO MORENO 551 B°  OBSERVATORIO,6273,1349,1374,-64.1995915826,-31.4190051787
1,10G,EE UU DE NORTEAMERICA,LA PAMPA 550 B°P DE LOS AND,2277,1375,1383,-64.2049225663,-31.4176412049
1,10G,ESC ADOLFO SALDIAS,BOLIVAR 896 B° GÜEM,1798,1402,1409,-64.1949934488,-31.4247720774
1,10H,ESC GDOR EMILIO OLMOS,AV FUERZA AEREA B°PARQUE  CAPITA,2543,1410,1418,-64.219881273,-31.4307336228
1,10H,ESC R ESCALADA DE SAN MARTIN,ESPORA 2283 B°ROSEDAL,3357,1419,1431,-64.2263793367,-31.4351889381
1,10H,IPEM 154 MARTIN M DE GUEMES,O NAVARRO 2751,1381,1439,1443,-64.2263845428,-31.4353159607
1,10I,PRIMARIA ELPIDIO TORRES,CALLE PUBLICA S/N,3123,1444,1454,-64.2225281146,-31.4524655357
1,10I,SAN JOSE ARTESANO,HUILICHES 1021,1393,1466,1470,-64.2136569022,-31.4562465603
1,10I,SECUNDARIA ELPIDIO TORRES,CALLE PUBLICA S/N,2839,1455,1465,-64.2225281146,-31.4524655357
1,10J,ESC BANDERA ARGENTINA,CASADO 634 STA ISABEL 1RA  SECCION,2738,1471,1481,-64.2347073545,-31.4710326573
1,10J,ESC MUNIC FERNANDEZ ORDOÑEZ,OLAVARRIA S/N° STA ISABEL 2DA  SECC,1346,1493,1498,-64.2284065626,-31.4786446924
1,10J,ESC.OSVALDO JORGE LEON,COLORADO ESQ LUAYABA,1853,1499,1506,-64.2343792929,-31.479527737
1,10J,ESCUELA DON ORIONE,J.B.COTTOLENGO 1955,3008,1482,1492,-64.2352876981,-31.475772062
1,10K,ESC BENITO SORIA,BARBADOS Y HAITI B° VICOR,3136,1507,1518,-64.2475182131,-31.4796165076
1,10L,COL SAN JOSE OBRERO,ARANI Y PJE. 17 V EL  LIBERTADOR,1599,1562,1567,-64.2157254489,-31.4782976617
1,10L,ESC MARTA JUANA GONZALEZ,DEFENSA Y CACHEUTA B°V.EL  LIBERTADOR 109,2430,1533,1542,-64.2178210548,-31.4686309828
1,10L,ESC MUNIC ALICIA MOREAU DE JUS,PILCOMAYO S/N°V EL  LIBERTADOR,2161,1543,1550,-64.216667978,-31.4690278108
1,10L,ESC PATRICIAS MENDOCINAS,IBARRA ESQ FORESITERI,1357,1587,1591,-64.2176957628,-31.4686102578
1,10L,ESC PROV DE SGO DEL ESTERO,CALLE 49 S/N° VILLA EL  LIBERTADOR,2189,1525,1532,-64.2110015152,-31.4798198251
1,10L,ESC PTE DR ARTURO U ILLIA,TOTORAL Y ARICA B°SANTA  ROSA,2636,1551,1561,-64.2076046065,-31.477491101
1,10L,ESC VICENTE FORESTIERI,ANIZACATE/CALLE 49 V. EL  LIBERTADOR,2379,1568,1576,-64.2247219513,-31.4803588871
1,10L,IPEM 123BLANCA ECHEMENDI,IBARRA ESQUINA  COSQUIN.VA.EL LIBERT.,2672,1577,1586,-64.2201578264,-31.4721534456
1,10L,IPEM 313 (ANEX0),DEFENSA Y CACHEUTA.V.EL  LIBERTADOR,1605,1519,1524,-64.2178210548,-31.4686309828
1,10M,ESC PRIMARIA GRACIELA DEL RIO,B° AMPLIACION CABILDO 0,541,1592,1594,-64.2280589761,-31.4829784424
8,110,ESC CARLOS MARIA DE ALVEAR,PUBLICA S/N,26,4462,4462,-63.5423588,-33.6649178
8,111,ESC PROV DOMINGO F SARMIENTO,CARLOS ALBERTO MAYOL S/N,917,4464,4467,-63.63861829,-33.6658610722
8,112,ESC.FORTIN HEROICO,ACOSTA 673,3278,4487,4498,-63.2937238285,-33.4201362925
8,112,ESC.NAC.DE COMERCIO,V.SARSFIELD 651,2715,4476,4486,-63.2933109894,-33.4190360815
8,112,INST.NTA.M.DE LAS MERCEDES,9 DE JULIO 271,2251,4468,4475,-63.2996742244,-33.4209956896
8,113,ESC DOMINGO F SARMIENTO,SRITA BERNARDINA BAIGORRI  229,510,4499,4500,-63.4715974491,-33.3985340127
8,114,ESCUELA PROV.FRENCH Y BERUTTI,25 DE MAYO 135,256,4501,4502,-63.905567,-33.0447044
8,116,ESC.CAP. F.D.ZARCO,MANUEL DE LA LASTR 623,1074,4503,4506,-63.8605318,-33.1990159
8,117,INSTITUTO DR.M. BELGRANO,SANTA EUFEMIA,1667,4508,4513,-63.4342295,-33.1828555947
8,118,ESC.MARTIN GUERRICO,UCACHA,1855,4521,4527,-63.50573,-33.0320599947
8,118,ESC.PROV.J.B.ALBERDI,UCACHA,1860,4514,4520,-63.50573,-33.0320599947
9,119,ESC.PROV.D.F.SARMIENTO,HIPOLITO IRIGOYEN 476,1300,4532,4536,-62.6223599999,-33.6071599944
9,119,INSTITUTO SEC. V.SARSFIELD,HIPOLITO YRIGOYEN 757,1019,4528,4531,-62.6223599999,-33.6071599944
1,11A,ESC BLAS PARERA,MONS DE ANDREA 1044 B° A  ALBERDI,1786,1629,1635,-64.2134148359,-31.3948729463
1,11A,ESC JOSE MARIA PAZ,AV COLON 2772 B° ALTO  ALBERDI,3732,1656,1670,-64.2181123876,-31.4032245107
1,11A,ESC MOYANO COUDERT,DUARTE QUIROS 3950 ALTO  ALBERDI,1268,1671,1675,-64.2337110852,-31.4047631984
1,11A,ESC PQUIAL SAN JOSE,VELEZ 252 B° ALTO ALBERDI,3039,1607,1618,-64.2224389115,-31.4069873487
1,11A,ESC SAN JOSE,CASEROS 3055 B° ALTO ALBERDI,2787,1636,1646,-64.222713787,-31.406410935
1,11A,ESC SAN LUIS GONZAGA,SANTA ROSA 2037 B° ALTO  ALBERDI,2281,1647,1655,-64.2089878628,-31.4050038977
1,11B,INSTITUTO TECNICO DON BOSCO,J VESPIGNANI 215 B° DON  BOSCO,2201,1676,1684,-64.273221129,-31.3864531107
1,11C,ESC GRAL SAN MARTIN,AV COLON 4751 B°LAS PALMAS,4699,1696,1712,-64.2413726487,-31.3959251203
1,11C,ESC MUNIC JUSTO PAEZ MOLINA,QUEBRACHO HERRADO Y YAVI  LAS PALMAS,1901,1727,1733,-64.2435083562,-31.4017314673
1,11C,IPEM MARCELA B. MOYANO COUDERT,DUARTE QUIROS 3915,1345,1734,1738,-64.2337110852,-31.4047631984
1,11D,ESC REPUBLICA DEL PERU,GOYENA Y GOMEZ CARRILLO,3151,1757,1768,-64.2205778469,-31.4286564519
1,11D,ESC SANTISIMA TRINIDAD,BLAMEY LAFORE 1248 - B°SAN  RAFAEL B,2134,1769,1776,-64.2221782465,-31.4226117996
1,11D,INST JESUS MARIA,VIEYTES SUD 1607 B° LOS  NARANJOS,4828,1739,1756,-64.219146583,-31.429551474
1,11E,ESC A CAPDEVILA,ALBERTO WILLIAMS ESQ.LOS  PLATANOS,1902,1799,1805,-64.2321026607,-31.4279413275
1,11E,ESC B DE MONTEAGUDO,SAN LUIS 3450 - B° LOS  PLATANOS,2999,1777,1787,-64.2297161162,-31.4136176354
1,11E,ESC JOSE MARMOL,AV LOS PLATANOS 1346,2713,1788,1798,-64.2310150057,-31.4229584241
1,11F,COL SAN BUENAVENTURA,AV DON BOSCO 5500 B° LOS  ROBLES,2194,1822,1829,-64.2511850431,-31.4023179148
1,11F,ESC BATERIA LIBERTAD,POTRERILLO Y VENTA Y MEDIA,2475,1830,1840,-64.2534369104,-31.4000196075
1,11G,ESC PRIMER TTE AVILA,ALTO ALEGRE B°PQUE  REPUBLICA 1050,2185,1841,1848,-64.2629742977,-31.4162891573
1,11G,JORGE LUIS BORGES,ALTO ALEGRE/NAMUNCURA,1355,1871,1875,-64.263864083,-31.4156054982
1,11H,ESC GABRIELA MISTRAL,27 DE ABRIL 5650 B°QUEB LAS  ROSAS,2722,1876,1885,-64.2555490311,-31.3937262518
1,11H,ESC REPUBLICA DE VENEZUELA,BOYERO 517 - B°CHATEAU  CARRERAS,2467,1886,1894,-64.2585995076,-31.3857860147
1,11I,AGUIRRE CAMARA,SANTA ANA ESQ AVIADOR  PETIROSSI,1290,1930,1935,-64.2483991349,-31.4118591416
1,11I,ESC MUNIC LUZ VIEYRA MENDEZ,ABEL N DE CHAVEZ RES SAN  ROQUE,2640,1895,1904,-64.2471493084,-31.4245382323
1,11I,ESC.REPUBLICA DEL ECUADOR,HURTADO DE MENDOZA ESQ  PEDRO ACUÑA,2357,1905,1913,-64.2428522127,-31.4231482916
1,11J,COLEGIO SAN JOSE,SOL DE MAYO 726 B° OBRERO,3147,1969,1980,-64.2106787252,-31.4170467284
1,11J,ESC GENERAL MOSCONI,FERREYRA R 2324 B°OBRERO,1583,1981,1986,-64.2158733654,-31.4148955342
1,11J,ESC LUTERANO CONCORDIA,SANTA ANA 2011 B°ALTO  ALBERDI,4213,1953,1968,-64.2129720678,-31.4165503127
1,11J,ESC ROMA,ECHEVERRIA 370 B°ALTO  ALBERDI,4516,1936,1952,-64.2168554835,-31.4106214777
1,11K,ESC EJERCITO ARGENTINO,LA RIOJA 3453 - B° VILLA SIBURU,2063,1987,1994,-64.2246520571,-31.3985975604
1,11K,IPEM 318 COMBATE DE LA TABLADA,LA TABLADA 4861,1280,2013,2018,-64.2404605461,-31.3911330762
9,120,ESC.PROV.SGTO.CABRAL,INTENDENTE MELQUIOT 922,2596,4546,4555,-62.4028899999,-33.6411199944
9,120,ESC.R.ESCALADA DE SAN MARTIN,AV. ESPA? 779,2019,4537,4545,-62.4028899999,-33.6411199944
9,121,ESC JOSE MARIA PAZ,BALDISSERA,1621,4556,4561,-62.3039199999,-33.1233199947
9,122,ESC PROV DOMINGO F SARMIENTO,PUBLICA S/N,139,4562,4562,-62.6089013529,-33.2574459756
9,123,ESC JUAN BAUTISTA ALBERDI,CAMILO ALDAO,1323,4570,4574,-62.0935399999,-33.1281099947
9,123,IPEM N°151 J URBIZU,BV JOSE M ALDAO 1160,1850,4563,4569,-62.0935399999,-33.1281099947
9,124,ESC.SEC.TOMAS THOMAS,CORDOBA 138,889,4575,4578,-62.3389569999,-33.4730141945
9,125,COLEGIO JUAN XXIII,CORRAL DE BUSTOS,1618,4586,4591,-62.1911065334,-33.2827015947
9,125,ESC HIPOLITO IRIGOYEN,CORRAL DE BUSTOS,1347,4600,4604,-62.1846202467,-33.2772291037
9,125,ESC NOR SUP MAESTROS ARGENTINO,CORRAL DE BUSTOS,2148,4592,4599,-62.1878425496,-33.289537201
9,125,ESC R ESCALADA DE SAN MARTIN,CORRAL DE BUSTOS,1914,4579,4585,-62.1834191176,-33.2855478832
9,126,COLEGIO SANTA JUANA DE ARCO,CRUZ ALTA,1540,4605,4611,-61.8061899998,-33.0078999948
9,126,ESC LIB GRAL SAN MARTIN,RIVADAVIA 1252 B°RIVADAVIA,1282,4619,4623,-61.8061899998,-33.0078999948
9,127,ESC DALMACIO VELEZ SARSFIELD,AV CORDOBA 324,1684,4624,4630,-62.5994246,-33.3960845945
9,128,ESC MARIANO MORENO,INRIVILLE,1370,4636,4640,-62.2278199999,-32.9442699948
9,128,INST JOSE MARIA PAZ,INRIVILLE,1372,4631,4635,-62.2278199999,-32.9442699948
9,129,INST SEC ISLA VERDE,LIBERTAD 446,3063,4642,4653,-62.3803071438,-33.3181093489
1,12B,ESC BARTOLOME HIDALGO,TEJEDOR 1958 B°SARMIEN,1804,2106,2112,-64.1550941424,-31.4317976576
1,12B,ESC DR LUIS A CAEIRO,ORTIZ Y HERRERA 1932 B°CRISOL  N,1295,2139,2143,-64.1625401302,-31.4298873667
1,12B,ESC HILARIO ASCASUBI,LUCIO V.MANSILLA ESQ. CADIZ,2553,2121,2130,-64.1535625355,-31.4389603543
1,12B,ESC JUAN LARREA,LUIS BRAILE 2273 B°SARMIEN,1812,2113,2120,-64.1553647363,-31.4319133665
1,12B,INST MANUEL BELGRANO,LUIS BRAILE 2384 B°SARMIENTO,1785,2131,2138,-64.1552220396,-31.4319125809
1,12C,ESC CORONEL OLMEDO,ALTOLAGUIRRE 680 B°CNEL  OLMEDO,3519,2144,2156,-64.1421919072,-31.4800170376
1,12D,CENTRO EDUC.ING.REGINO M.MADER,CHIRINO DE POSADAS 5400  B°S.FELIPE,1862,2203,2210,-64.1270434945,-31.4547442354
1,12D,ESC MUNICIPAL DR A SABATTINI,DIEGO DE PACHECO 4900,2141,2180,2187,-64.1331511867,-31.4567000848
1,12D,ESC PEDRO GOYENA,PJE GUASTONI 3472 B° BRIG S  MARTIN,3449,2167,2179,-64.1408571234,-31.4393838236
1,12D,POETA OSCAR GUIÑAZU ALVAREZ,ASTURIAS 3345,1885,2211,2218,-64.1420551511,-31.4352344942
1,12E,ESC LIBERTADOR GRAL S MARTIN,SGO MORALES 4400 B°FERREYRA,1600,2231,2238,-64.110900473,-31.4611708625
1,12E,ESC REPUBLICA DE COSTA RICA,RUTA 9 KM 8 1/2,1271,2226,2230,-64.0916743223,-31.4759766873
1,12F,COL.JOVENES ARGENTINOS,BOTAFOGO 3448 B° J.ESPINOSA,1923,2273,2279,-64.1751739702,-31.4530199091
1,12F,ESC EJERCITO ARGENTINO,CASTAÑARES 470 - B°JARDIN  DEL PILAR,2193,2265,2272,-64.1538834333,-31.4449280061
1,12F,ESC GRAL MANUEL BELGRANO,OLAEN Y AMBOY - B° OÑA,2727,2255,2264,-64.1657830593,-31.4502550034
1,12F,ESC MUNIC BRIG JUAN I DE S MAR,BRAGADO/TRENQUE LAUQUEN  B°J HERNDEZ,1937,2248,2254,-64.1560402081,-31.4449028584
1,12F,ESC MUNIC E MOLINARI ROMERO,PAMPAYASTA Y RUMIPAL  B°PQUE SCARLOS,2461,2239,2247,-64.1621013239,-31.4494736932
1,12F,ESCUELA ADVENTISTA HECTOR RHYS,TANINGA 3152,1098,2290,2293,-64.167042433,-31.448619225
1,12F,IPEM 167 JOSE MANUEL ESTRADA,B. DE O'HIGGINS 2656,2444,2280,2289,-64.1687879451,-31.4413126312
1,12G,ESC DR IGNACIO DUARTE QUIROS,FARADAY 5168,1096,2319,2322,-64.0876325313,-31.463834422
1,12G,ESC EJERCITO ARGENTINO,STEPHENSON Y FULTON  B°ITUZAINGO,3051,2300,2312,-64.0889090724,-31.4661481961
1,12G,ESC PRIMARIA CARLOS M DE ALVEA,VUCETICH 6410 B°ITUZAINGO,1699,2294,2299,-64.0973667646,-31.4652032667
1,12G,ESC SECUNDARIA CARLOS M DE ALV,FARADAY 5721 B°LOS  EUCALIPTUS,1658,2313,2318,-64.0874209007,-31.467550173
1,12H,ESC JOSE M ESTRADA,AV B DE O'HIGGINS KM 8 1/2,1888,2341,2347,-64.1686330716,-31.5020667838
1,12H,ESC MADRE TERESA DE CALCUTA,PALAMARA 2900,2542,2323,2331,-64.157959405,-31.4643071068
1,12H,ESC RAUL A FERREYRA,B DE O'HIGGINS 3500 B°S.E.P.,2498,2332,2340,-64.168727611,-31.4543616566
1,12H,J DE INF RAUL A.FERREYRA,B DE O'HIGGINS 3500 B°S.E.P,568,2348,2349,-64.168727611,-31.4543616566
9,130,ESC.PROV.GRAL SAN MARTIN,ISLAS MALVINAS 0,546,4654,4655,-62.1753107,-33.3114494
9,131,ESC DE COMERCIO Y BACHILLERATO,LEONES,2741,4672,4682,-62.3004999999,-32.6585699949
9,131,ESC JOAQUIN V GONZALEZ,RAMON INFANTE 422,2499,4656,4664,-62.3004999999,-32.6585699949
9,131,IPEM N°256-LIB GRAL SAN MARTIN,LEONES,1938,4665,4671,-62.3004999999,-32.6585699949
9,132,ESC GENERAL SAN MARTIN,LOS SURGENTES,2046,4684,4691,-62.0238999998,-32.9846299948
9,133,COLEGIO SAGRADO CORAZON,LARDIZABAL 545,3210,4692,4704,-62.0997890877,-32.6992897339
9,133,ESC BERNARDINO RIVADAVIA,SAN MARTIN 694,2915,4722,4732,-62.101193172,-32.6972529082
9,133,ESC MARIANO MORENO,SAN JUAN 1090 SUR,2108,4745,4752,-62.1083669573,-32.7031140198
9,133,ESC NORMAL SUP DR M BELGRANO,R SAENZ PEÑA Y S DEL ESTERO,4203,4705,4721,-62.1088111816,-32.6916794825
9,133,ESCUELA BARTOLOME MITRE,HIPOLITO YRIGOYEN 1409  NOROESTE,1360,4753,4757,-62.1106312838,-32.693378482
9,133,IPEM N°51 NICOLAS AVELLANEDA,MARCOS JUAREZ,3097,4733,4744,-62.1027981782,-32.6869812333
9,134,ESC JOSE MANUEL ESTRADA,MONTE BUEY,2211,4758,4765,-62.4561799999,-32.9155099948
9,134,ESC MANUEL BELGRANO,MONTE BUEY,1690,4766,4771,-62.4561799999,-32.9155099948
9,135,ESC.PROV.GRAL SAN MARTIN,AV ITALIA 448,280,4773,4773,-62.267972,-33.24807
9,136,ESC 9 DE JULIO,ALSINA 517 SUR,740,4779,4781,-61.9163899998,-32.7307899949
9,136,ESC ROQUE SAENZ PEÑA,ROCA,1226,4774,4778,-61.9163899998,-32.7307899949
9,137,INSTITUTO MANUEL BELGRANO,SAIRA,414,4782,4784,-62.1020669205,-32.4089031809
10,138,ESC PROV COMTE ROSENDO LEAL,CESAR MANUEL VERA S/N,577,4785,4787,-65.2825117208,-31.0411545078
10,139,ESC PROV JERONIMO CORTES,PUBLICA S/N,156,4792,4792,-65.3410607455,-31.0891356625
1,13A,ESC FRANCISCO A RIZZUTO,FDO DE LESSEPS 140 B°CENTRO  AMERICA,3827,2393,2406,-64.1731279685,-31.375393462
1,13A,ESC HENOCH D AGUIAR,J DE OLMEDO 650 B°LOS  GIGANTES,2696,2383,2392,-64.1673544397,-31.3634246945
1,13A,ESC MUNIC DR P CARANDE CARRO,MARTINEZ PAZ 80 B°CENTRO  AMERICA,1383,2430,2434,-64.170311577,-31.3713451549
1,13A,ESC P ALBARRACIN DE SARMIENTO,NERUDA Y ACAMPES B° VILLA  AZALAIS,3303,2418,2429,-64.174984466,-31.3677548554
1,13A,ESC R SANCHEZ DE CALDELARI,ALVAREZ DE LAS CASAS 280  AYACUCH,3007,2407,2417,-64.1711463751,-31.3797252189
1,13C,COLEGIO HORTUS CONCLUSUS,GIANELLI 500 B°GRAL BUSTOS,2245,2469,2477,-64.1756485227,-31.3950269978
1,13C,ESC ALEJO CARMEN GUZMAN,AUGUSTO LOPEZ 643 B°GRAL  BUSTOS,3227,2456,2468,-64.1727307867,-31.3934794854
1,13C,ESC CAPITAL FEDERAL,MAURICIO YADAROLA 653  B°GRAL BUSTOS,3037,2436,2447,-64.1680083142,-31.387955806
1,13C,ESC CRISTO REY,CURA BROCHERO B°GRAL BUSTO  753,2026,2448,2455,-64.1708784004,-31.3914660454
1,13E,ESC REPUBLICA DE LA INDIA,CNO MONTE CRISTO KM 5,744,2485,2488,-64.1074923714,-31.381863283
1,13F,ESC MODELO RACING,TREDENTINA B°NUEVA ITALI  2160,3036,2489,2499,-64.1433313268,-31.3887184208
1,13F,ESC SGTO CABRAL,P DE LEDESMA B°PQUE MTE  CRIST 1755,2385,2500,2509,-64.1410718286,-31.388623029
1,13G,ESC ESPIRITU SANTO,ISAAC 4847,6563,2512,2535,-64.1737056836,-31.3516665985
1,13G,ESC MUNIC GDOR A ZANICHELLI,STORNI S/N B°PQUE LICEO 3RA  SECC,1641,2536,2542,-64.1580584266,-31.356346386
1,13G,IPEM 21 ALFONSINA STORNI,BARTOLOME HIDALGO/ATALIVA  HERRERA,1627,2553,2558,-64.1460043736,-31.3351469716
1,13H,COL HIJAS DE MARIA INMACULADA,MADRE BRIGIDA PASTORINO  2733,3953,2570,2584,-64.143072657,-31.3785857425
1,13H,ESC JOSE MARIA PAZ,USANDIVARAS 2254  B°PATRICIOS,2698,2559,2569,-64.1403065175,-31.3779170615
1,13H,ESC MANUEL BELGRANO,ABRAMO 2545 B°BELGRANO,3164,2593,2604,-64.1354659459,-31.3710597821
1,13H,ESC MUNIC DR D LATELLA FRIAS,H DE AYOHUMA S/N  B°PATRICIOS,1337,2605,2609,-64.1357294863,-31.3677625003
1,13H,ESC PARROQUIAL SAN ROQUE,USANDIVARAS 2050 VILLA  CORINA,2188,2585,2592,-64.1430609751,-31.3779176194
1,13I,ESC MUNIC DR ALFREDO ORGAZ,PUBLICA S/N B°QTAS SAN JORGE  II,1639,2617,2622,-64.1335815471,-31.3722738649
1,13I,ESC MUNIC JORGE LUIS BORGES,QUINTA SAN JORGE,1912,2610,2616,-64.1320131745,-31.3735389343
1,13I,ESC MUNIC. MONSEÑOR ANGELELLI,FEDERICO RAUCH 2790,1093,2623,2626,-64.1316600029,-31.3765137006
1,13J,ESC ARTURO CAPDEVILA,A CAPDEVILA 709 Y BILIBISACATE,2130,2627,2637,-64.1631463001,-31.3769056604
1,13J,ESC CURA BROCHERO,JAMAICA 967 B°RESID AMERICA,3152,2638,2649,-64.160889998,-31.3789306656
1,13J,ESC GDOR H DEL CASTILLO,GELLY Y OBES 3110 VILLA  AZALAIS,2163,2650,2657,-64.1523338556,-31.3735639646
1,13J,ESC JUSTO PAEZ MOLINA,J MONTAÑO 1350 B° VILLA  AZALAIZ,2893,2669,2681,-64.1528465737,-31.3764981973
1,13J,ESC MUNIC J A PAREDES,FCO DEL PRADO 3900 V AZALAIS,1804,2696,2702,-64.1503352529,-31.3629752662
1,13J,ESC PARROQUIAL L STUCCHI BAUDO,NUEVO MUNDO 824 B°RESID  AMERICA,2938,2658,2668,-64.164306899,-31.3814712446
1,13J,ESC VICENTE F LOPEZ,TISSERA 1551 B° L N ALEM,3615,2682,2695,-64.1601911747,-31.3888210801
1,13K,DR JOSE RAMON IBAÑEZ,CAPDEVILLA KM 9 1/2,1395,2713,2718,-64.124037532,-31.3757906221
1,13M,ESC OLEGARIO V ANDRADE,CNO SGO DEL ESTERO KM 7 1/2,232,2721,2722,-64.1475294387,-31.3422874003
1,13N,ESC DR ANTONIO NORES,ALSINA 2032 B°YOFRE N,2403,2723,2731,-64.1333088655,-31.3851962386
1,13N,ESC MATEO J LUQUE,JACINTO DE ALTOLAGUIRRE  B°YOFRE NORT 208,3418,2732,2744,-64.1342950765,-31.3851463958
1,13O,ESC. CARLOS TAGLE ACHAVAL,MANZANA 22 B°CIUDAD DE LOS  CUARTETOS,735,2745,2747,-64.1253130207,-31.3708381122
10,140,ESC PROV GREGORIA PEREZ,PUBLICA S/N,164,4795,4795,-65.3027358518,-31.2229115488
10,141,ESC PRIMARIA JORGE LUIS BORGES,PIEDRITA BLANCA,56,4797,4797,-65.430026518,-30.8061198623
10,142,ESC.SEC.J.L.DE CABRERA,RIVADAVIA E IRIGOYEN 0,1494,4799,4804,-65.1039639379,-31.1749326906
11,144,ESC PROV MARIANO MORENO,PUBLICA S/N,610,4806,4808,-65.4469248833,-31.413954378
11,146,ESC GENERAL JOSE DE SAN MARTIN,AV CURA BROCHERO 150,1387,4814,4819,-65.0901696856,-31.3183717247
12,147,ESC DR BIALET MASSE,ROQUE SAENZ PEÑA 91,2030,4829,4836,-64.4644100001,-31.3164499957
12,147,INST SERVILIANO DIAZ,SAN MARTIN 675,1563,4823,4828,-64.4644100001,-31.3164499957
12,148,ESC ESP JUAN MANUEL FERNANDEZ,AV PUEYRREDON 131,1942,4864,4871,-64.5151893749,-30.860643344
12,148,ESC GRAL JOSE DE SAN MARTIN,SARMIENTO 380,1697,4844,4851,-64.5151893749,-30.860643344
12,148,IPEM N° 279,HIPOLITO YRIGOYEN 450,2866,4852,4863,-64.5151893749,-30.860643344
12,149,ESC GRAL JOSE DE SAN MARTIN,RUTA NACIONAL N°38,414,4872,4873,-64.4729920276,-31.1542803366
1,14A,ESC BRIG SAN MARTIN,DOMINGO MARIMON/GABRIEL  ORTEGA,3458,2766,2779,-64.2570447478,-31.3251148215
1,14A,ESC MARTHA A SALOTTI,PUBLICA S/N IPV  SECTOR360ARGÜELLO N,2652,2800,2810,-64.2465872136,-31.3372784254
1,14A,ESC RICARDO NASSIF,MARTIN FERMIN B°ARGÜELLO  NORT 0,3214,2780,2791,-64.2465716275,-31.336682854
1,14B,ESC ELISA K DE LIVACK,CUIMAN B°LA SALLE 6543,1611,2827,2832,-64.2740358086,-31.344232667
1,14B,ESC MUNIC RAUL V MARTINEZ,NILO PECANHA S/N B°QTAS DE  ARGÜELLO,2173,2819,2826,-64.2680927691,-31.3410291676
1,14C,INST CONCEPCIONISTA LA INMACUL,AV ENRIQUE BODEREAU KM 14,3493,2833,2845,-64.2884477913,-31.3256287084
1,14D,ESC INGENIERO VICTOR REE,FDO FADER 3821 B°C DE LAS  ROSAS,2617,2846,2855,-64.2296679029,-31.3769354276
1,14D,ESC JUAN ZORRILA DE SAN MARTIN,JOSE E BUSTOS 1875 C DE LAS  ROSAS,2833,2856,2867,-64.2349468798,-31.3727754952
1,14E,ESC GERONIMO GRAGERA,MOLLEYACO/PAYEN,1398,2880,2884,-64.2798008069,-31.3232745002
1,14E,ESC MODESTA RODRIGUEZ,HNOS GRIMM 7168 B°UOCRA,1131,2868,2871,-64.2610240003,-31.3214745353
1,14E,ESC NIÑAS DE AYOHUMA,VALERIO BETA B°ARGUELLO (N)  7300,2242,2872,2879,-64.262076159,-31.3255360622
1,14F,ESC DR ALEJANDRO GALLARDO,TRINIDAD ESQ ITALIA B°SILVANO  FUNES,2612,2885,2895,-64.2468029142,-31.3447738
1,14F,ESC JAVIER LAZCANO COLODRERO,CARLOS BROGGI S/N°  B°ARGÜELLO,2677,2896,2905,-64.257421352,-31.3365272246
1,14G,ESC JUAN MARIA GUTIERREZ,BV CORDOBA 100 B°LOS  BOULEVARES,2097,2914,2921,-64.2232025817,-31.3434516773
1,14H,ESC MUNIC MAESTRO M OLIVA,REVELTO ESQ TOMASINI  B°MERCANTIL,983,2931,2934,-64.2583145786,-31.3186173527
1,14I,ESC MUNIC ARSENIO MURUGARREN,PIZARRO Y GRASS B°SANTA  CECILIA,1949,2942,2948,-64.2291127764,-31.3573872454
1,14J,ESC REPUBLICA DEL LIBANO,IGARZABAL 1250 B°URCA,1931,2965,2972,-64.2378421713,-31.3801234627
1,14K,ESC MUNIC DR RAUL FERNANDEZ,12 Y 14 VILLA ALLENDE PQUE,2164,2973,2980,-64.2857000001,-31.3139999957
1,14K,JARDIN MATERNAL TRAVESURAS,MULUCHES S/N,803,2981,2983,-64.2838590008,-31.3134198341
1,14L,ESC NUEVA JUAN MANTOVANI,AVOGADRO Y GAUSS VILLA  BELGRANO,2464,2984,2992,-64.2502993556,-31.3539226785
1,14L,ESC RICARDO PALMA,D'ALEMBERT Y GAUSS,2192,2993,3000,-64.2526007352,-31.3612128906
1,14M,ESC LUZ VIEYRA MENDEZ,OB MOSCOSO Y PERALRA 2772,1035,3027,3030,-64.2238079347,-31.3752411216
1,14M,ESC PRIMERA JUNTA,C DE ARREDONDO 4446  B°CENTENARIO,3150,3014,3026,-64.2315990753,-31.3636700439
1,14M,INST SAUL TABORDA,OB MOSCOSO Y PERALTA 2772 A  PALERMO,3377,3001,3013,-64.2238181026,-31.3753502319
1,14N,ESC MUNIC DR HORACIO GARCIA,PUBLICA S/N°V CORNU,2275,3031,3038,-64.2668602674,-31.3167516691
1,14O,ESC JAVIER VILLAFAÑE,MANUEL CALVIÑO ESQ  MARIMON,2567,3050,3059,-64.2538044439,-31.3207393821
1,14O,ESC MUNIC SAUL TABORDA,COQUENA (VILLA 9 DE J 7985,2083,3060,3067,-64.2736270851,-31.3286318216
1,14O,JARDIN DE INF NIÑAS DE AYOHUMA,RODOLFO DE ALZAGA 7373,769,3068,3070,-64.2619952021,-31.3249849434
1,14P,ESC MUNIC DR JORGE ORGAZ,LAGUNA LARGA/R LUNA V R  INDAR,1639,3071,3077,-64.2932971987,-31.3195510349
1,14P,IPEM N° 17,LAGUNA LARGA ESQ.RINCON DE  LUNA,1074,3078,3081,-64.2932948271,-31.3196711328
1,14Q,INST. TEC. ISAAC NEWTON,MOLINO DE TORRES 6635,842,3082,3084,-64.2065682868,-31.3993855419
12,150,COLEGIO PARROQUIAL PIO XII,OBISPO BUSTOS 816,2343,4874,4883,-64.4658577685,-31.2375791946
12,150,ESC ESP DR J REYES CONTRERAS,MONS DE ANDREA S/N B°SANTA  TERESITA,1578,4920,4925,-64.4658406626,-31.2554199811
12,150,ESC NORMAL SUP R SAENZ PEÑA,SAN MARTIN 394,2059,4900,4907,-64.4642795573,-31.2365662856
12,150,ESC TTE GRAL JULIO A ROCA,SAN MARTIN Y SARMIENTO S/N,2838,4908,4919,-64.4659287765,-31.2429629252
12,150,IPEM N°157-PTE SARMIENTO,P CARRANZA 940,2097,4892,4899,-64.4682367106,-31.2421286241
12,150,IPEM N°60 M MORENO(EX IPET 13),PALEMON CARRANZA 1085,2063,4884,4891,-64.4690861693,-31.2453789742
12,151,ESC P ALBARRACIN DE SARMIENTO,PUBLICA S/N,429,4926,4927,-64.5435044,-30.7755148
12,152,ESC BERNARDINO RIVADAVIA,HUERTA GRANDE,1964,4928,4935,-64.4954700001,-31.0733799959
12,152,I.P.E.M N° 200,ARRABARRENA ESQ PROV  UNIDAS S/N,1982,4936,4943,-64.4954700001,-31.0733799959
12,153,ESC JOSEFA MARIA BUSTOS,ALBERDI 277,1480,4971,4976,-64.4939054001,-30.9524115959
12,153,ESC M E H DE GONZALEZ ELIZALDE,RIO NEGRO S/N B°ARGENTINO,1467,4957,4962,-64.4939054001,-30.9524115959
12,153,INSTITUTO GRAL SAN MARTIN,9 DE JULIO 564 B°GOLF,1976,4963,4970,-64.4939054001,-30.9524115959
12,154,ESC AERONAUTICA ARGENTINA,OCAMPO Y ROMAN DEHEZA S/N- LA LOMITA,1244,5012,5016,-64.4890949103,-31.0856329486
12,154,ESC JOSE MARIA PAZ,HIPOLITO YRIGOYEN 431 B°SAN  JORGE,1547,4977,4983,-64.4800227312,-31.1038211605
12,154,ESC MATEO J MOLINA,AV EDEN 445,2309,4995,5004,-64.4818004344,-31.0928659449
12,154,ESC NICOLAS AVELLANEDA,PROGRESO 399 B°SANTA ROSA,1525,5005,5011,-64.4931361884,-31.0895059785
12,154,IPEM N°142 JOAQUIN V GONZALEZ,SAN GERONIMO Y LAS  AMERICAS S/N,2771,4984,4994,-64.484256218,-31.0971313107
12,155,ESC INES MOYANO DE MOLINA,SAN ESTEBAN,542,5017,5018,-64.5354312,-30.9205465
12,156,ESC CARLOS NICANDRO PAZ,SAN MARTIN 255,3902,5022,5038,-64.4962175875,-31.419775064
12,156,ESC ISLA DE LOS ESTADOS,LOS CEIBOS S/N B°LA QUINTA 0,2595,5051,5060,-64.5180141561,-31.4236547824
12,156,ESC PRESIDENTE SARMIENTO,LOS GIGANTES S/N-B°M MUÑOZ,3043,5039,5050,-64.5016707162,-31.4377214575
12,156,ESC RICARDO BERNABE FERNANDEZ,LAS MARGARITAS 255-VA  INDEPENDENCIA,2007,5168,5175,-64.5055737404,-31.4577725469
12,156,INST ALFONSINA STORNI(EX IESS),SOLIS 283 B° VILLA DOMINGUEZ,5419,5061,5081,-64.490755214,-31.4141880196
12,156,INST BERNARDO D'ELIA,ASUNCION B°LA QUINTA 440,3879,5082,5096,-64.5119622842,-31.421011805
12,156,INST BILINGUE DANTE ALIGHIERI,ALFONSINA STORNI Y LOS  ALERCES 0,4347,5141,5157,-64.517250463,-31.4235650022
12,156,INST INDUSTRIAL CRISTO OBRERO,FLORENCIO SANCHEZ S/N-B°LAS  MALVINAS,2555,5113,5122,-64.4909665086,-31.4297005679
12,156,INST R ESCALADA DE SAN MARTIN,ESTRADA Y ANTARTIDA,4078,5097,5112,-64.491263402,-31.4292015999
12,156,PRIMARIO JOSE DE SAN MARTIN,AMEGHINO Y BALCARCE,2011,5123,5130,-64.5021864045,-31.4130253364
12,156,UNIVERSIDAD TECNOLOGICA,GOBERNADOR ROCA 53,2292,5158,5167,-64.4763350487,-31.4045645643
12,157,COLEGIO SAN ROQUE,LAVALLE 2730 VILLA BUSTOS,1465,5196,5201,-64.4549781581,-31.2765197971
12,157,ESC JUAN BAUTISTA AZOPARDO,SARMIENTO 59 VILLA BUSTOS,1708,5202,5208,-64.4549781581,-31.2765197971
12,158,ESC DOMINGO FAUSTINO SARMIENTO,MARIANO MORENO 597 B°VILLA  NUEVA,1753,5218,5225,-64.5938700001,-31.3579899957
12,158,IPEM N°84 J VOCOS LESCANO,SAN FRANCISCO 33 LA ESTANCIA,1707,5226,5233,-64.5938700001,-31.3579899957
12,159,INST.NTA.SRA. DEL CALVARIO,SAN MARTIN 12,1848,5251,5257,-64.4856600001,-31.1117699958
12,159,IPEM N° 335,GOBERNADOR NUÑEZ 73,2088,5243,5250,-64.4856600001,-31.1117699958
2,15A,ESC.PROV.R.SAENZ PEÑA,CALLE 6 0,336,3086,3087,-64.5723173472,-32.1868979461
13,160,ESC DOMINGO FAUSTINO SARMIENTO,ACHIRAS,1946,5258,5265,-64.995572253,-33.1736748525
13,161,ESC GENERAL SAN MARTIN,SARMIENTO 98 CENTRO,2398,5276,5284,-64.0200316886,-33.6324204564
13,161,INSTITUTO ADELIA MARIA,AV SAN MARTIN 1050 CENTRO,2310,5267,5275,-64.021668424,-33.6386115215
13,162,ESC JOSE MARIA PAZ,GRAL ROCA 643 CENTRO,1558,5285,5291,-64.333866339,-32.7580345794
13,162,ESC PERITO FRANCISCO MORENO,DEAN FUNES Y HEROES  ANONIMOS S/N,2367,5292,5300,-64.3384922444,-32.7624529144
13,163,IPEM N° 119 NESTOR ZARAZAGA,PUBLICA S/N,786,5301,5304,-64.7239066194,-32.6928679955
13,164,ESC PROV BERNARDINO RIVADAVIA,VELEZ SARSFIELD 50,1369,5305,5309,-64.3572498,-32.8469474
13,165,ANGELES CUSTODIOS/SAGRADA FLIA,ISABEL LA CATOLICA Y E JENNER  S/N,3191,5310,5321,-64.3468,-33.1026
13,165,CNMA 24-ANEXO PCIA STA CRUZ,EL SALVADOR 840 B° BALACCO,808,5389,5391,-64.3154410065,-33.1032433377
13,165,COL MERCEDES DEL NIÑO JESUS,VICTOR HUGO 885,2922,5333,5343,-64.3377,-33.1026
13,165,ESC DR ADOLFO ALSINA,AVENIDA GARIBALDI 740,2645,5322,5332,-64.3439736182,-33.0972129359
13,165,ESC PROVINCIA SANTA CRUZ,SANTA FE ESQ URUGUAY S/N,2861,5356,5368,-64.3301420164,-33.1031275434
13,165,ESC REPUBLICA DEL URUGUAY,SAN LUIS 342,1585,5369,5374,-64.337651171,-33.1127994333
13,165,INST SUP RAMON MENENDEZ PIDAL,AV JOSE GARIBALDI 50,2695,5344,5355,-64.3358,-33.1037
13,165,IPEM N°95 M SANCHEZ DE THOMPSO,MANCO CAPAC 50,3726,5375,5388,-64.335071058,-33.103093817
13,166,ESC VICTOR MERCANTE,FRAY MAMERTO ESQUIU 25,2056,5392,5399,-64.3884000001,-32.4518999951
13,166,INSTITUTO PARROQ.BERROTARAN,AQUINO ARGUELLO ARDILES 203,2574,5400,5409,-64.3884031836,-32.4518977199
13,167,ESC.FRAY M.ALVAREZ,SARMIENTO 187,874,5410,5413,-64.6782247,-33.5079241
13,168,ESC PROV GRAL J DE SAN MARTIN,BV CORDOBA S/N,652,5414,5416,-65.002247,-33.5569146
13,169,ESC SUBTTE RODOLFO H BERDINA,AV SAN MARTIN S/N,275,5417,5417,-64.1704097,-33.010791
2,16C,ESC. JOAQUIN V. GONZALEZ,PUBLICA 0,82,3091,3091,-64.737858554,-31.916138677
13,170,ESC RICARDO GUTIERREZ,ELENA,1000,5423,5426,-64.2906780757,-32.5809122745
13,170,INST SEC LA ASUNCION DE MARIA,PASAJE CURA BROCHERO 189,1256,5418,5422,-64.2906780757,-32.5809122745
13,171,ESC PROV JOSE DE SAN MARTIN,RUTA NACIONAL 36 KM 614 S/N,83,5427,5427,-64.3526658,-33.0024796
13,172,ESC.PROV.C.SAAVEDRA,HOLMBERG,1585,5428,5434,-64.0548100001,-33.4712499945
13,173,ESC JOSE DE SAN MARTIN,CALLE PUBLICA 0,1585,5428,5434,-64.4159941396,-34.1839330413
13,174,ESC PROV JOSE DE SAN MARTIN,SAN MARTIN S/N,590,5441,5443,-64.0831197316,-33.9788897101
13,175,ESC PROV JOSE DE SAN MARTIN,PUBLICA S/N,39,5444,5444,-64.257289898,-33.2102197015
13,176,ESC R ESCALADA DE SAN MARTIN,LA INVERNDA,48,5445,5445,-64.6060713173,-32.8156391402
13,177,ESC LEONILA DE LAS M LEMOS,MAIPU 535 NORTE,1803,5446,5452,-63.9748300001,-33.2806999946
13,178,ESC.PROV.J.DE SAN MARTIN,LAS CAÑITAS,29,5453,5453,-64.7495555055,-32.8711947044
13,179,ESC JORGE ALEHANDRO NEWBERY,LAS HIGUERAS,2871,5457,5469,-64.2881,-33.0878
13,179,JARD INF JORGE A NEWBERY,ESPAÑA 86 B° SAN MARTIN,795,5470,5472,-64.2881,-33.0878
13,180,ESC.PROV.J.M.PAZ,AVDA. 22 DE OCTUBRE 0,199,5473,5473,-64.1065414315,-32.5339445106
13,181,ESC ANTONIO SOBRAL,PUBLICA S/N,111,5474,5474,-64.5790031945,-33.0712130112
13,182,ESC CAP DE FRAGATA MOYANO,JULIANA GARCIA PUBLILL 560,735,5475,5477,-64.5806631801,-33.2812119593
13,183,ESC GRAL NAPOLEON URIBURU,LIB GENERAL SAN MARTIN 318  CENTRO,2402,5495,5503,-64.3934660877,-33.9156953271
13,183,ESC GUIDO SPANO,SARMIENTO 672 CENTRO,2135,5487,5494,-64.3887784127,-33.9156569831
13,183,INST JUAN PASCUAL PRINGLES,AV CARLOS S YDE 684,2445,5478,5486,-64.3904160865,-33.9169041824
13,184,ESC FRAY MARCOS DONATTI,MOLDES,2434,5504,5512,-64.5999000001,-33.6332999944
13,184,ESC NICOLAS AVELLANEDA,MOLDES,1585,5521,5526,-64.5999000001,-33.6332999944
13,184,IPEM N°94 DOLORES L DE LAVALLE,MOLDES,2113,5513,5520,-64.5999000001,-33.6332999944
13,185,ESCUELA N°17,PAUNERO,2,5529,5529,-65.0268021702,-33.8778046992
13,186,COLEGIO MARIA BENITA ARIAS,MONTEVIDEO 751,2342,5551,5559,-64.3345,-33.1397
13,186,ESC ARZOBISPO ANTONIO ESPINOSA,OLEGARIO ANDRADE 1020,2911,5590,5600,-64.3272500522,-33.1373639141
13,186,ESC GRAL JUSTO S ANAYA,AZOPARDO 1270 FENIX,3398,5560,5572,-64.3433381485,-33.1447710755
13,186,ESC NICOLAS AVELLANEDA,VICENTE LOPEZ 538,2826,5530,5541,-64.3342087114,-33.1345736643
13,186,INST LANTERIANO LA MERCED,BELISARIO ROLDAN 275,4076,5573,5589,-64.3343,-33.1337
13,186,IPEMN° 26 JUAN FILLOY,BELISARIO ROLDAN 535,2333,5542,5550,-64.3353074618,-33.1368498161
13,187,ESC CAP DE NAV S ALBARRACIN,PUEYRREDON,57,5601,5601,-64.3819162,-33.9311677
13,188,COL NTRA SRA DEL CARMEN,BAIGORRIA 373,3863,5670,5686,-64.3439,-33.1226
13,188,COLEGIO GALILEO GALILEI,ALVEAR 1040,3103,5800,5811,-64.3514,-33.1267
13,188,COLEGIO HISPANO ARGENTINO,FOTHERINGHAM 68,2826,5812,5823,-64.3482,-33.1215
13,188,DICHIARA-EX ESC.GRAL S.MARTIN,BOLIVAR Y ALBERDI,2393,5648,5656,-64.3460035234,-33.1272452048
13,188,E.N.E.T. N° 1,BAIGORRIA 527,3109,5743,5754,-64.3421382914,-33.1227056915
13,188,ESC 21 DE JULIO,BAIGORRIA 552,2317,5719,5728,-64.34220036,-33.1231008047
13,188,ESC ALTE BROWN,RIO QUINTO 660,2095,5687,5694,-64.3533926985,-33.1092960285
13,188,ESC BARTOLOME MITRE,LAVALLE 1452,2867,5707,5718,-64.3451355309,-33.1325553285
13,188,ESC FLORENTINO AMEGHINO,9 DE JULIO 314,2614,5638,5647,-64.3533821033,-33.1186990644
13,188,ESC MANUEL BELGRANO,SOBREMONTE 1333,3673,5729,5742,-64.3502,-33.1301
13,188,ESC VELEZ SARSFIELD,MENDOZA 1502,2632,5782,5791,-64.3562877253,-33.1308387376
13,188,ESC.NORM.NAC.MIXTA,CONSTITUCION 1040,5880,5602,5625,-64.3507325068,-33.1268818451
13,188,ESC.NORMAL COMERCIAL,BAIGORRIA 463,6604,5755,5781,-64.3429433581,-33.1225719726
13,188,ESCUELA GENERAL PAZ,MITRE 850,3090,5657,5669,-64.3530019071,-33.1238669859
13,188,ESCUELA GRAL ROCA,PASO 790 B° SANTA ROSA,3137,5695,5706,-64.3381,-33.1267
13,188,ESCUELA PIAS,BV GRAL ROCA 701,1774,5792,5799,-64.342,-33.1284
13,188,INST SAN BUENAVENTURA,SAN MARTIN 250,2900,5626,5637,-64.3506,-33.1227
13,189,ESC SAN MARTIN,SAMPACHO,2359,5824,5832,-64.7215741259,-33.384280033
13,189,INSTPABLO ANTONIO PIZZURNO,SAMPACHO,3153,5833,5844,-64.7219753442,-33.384444346
2,18B,ESCUELA PROVINCIAL,CALERAS DE CALAMUCHITA,160,3118,3118,-64.5383531337,-32.0661722591
2,18D,ESC.PROV.PADRE FELIX ENRIQUE,VILLA QUILLINZO,68,3120,3120,-64.52314,-32.2405168
13,190,ESC.SAN JUAN BOSCO,PUBLICA 0,114,5845,5845,-64.1709682,-33.2324582
13,191,ESC JOSE DE SAN MARTIN,BELGRANO 121 B°CENTRO,2444,5846,5854,-64.3120261297,-33.6470036617
13,192,ESC R ESCALADA DE SAN MARTIN,SUCO,357,5856,5857,-64.8321883,-33.4418492
13,193,ESC.PROV.J.M.ESTRADA,AVELLANEDA 181,418,5858,5859,-64.4575602,-33.8204928
13,194,ESCUELA N°359,WASHINGTON,413,5860,5861,-64.6897695154,-33.8723065453
14,195,ESC.PROV.J.DE SAN MARTIN,PUBLICA S/N,160,5862,5862,-63.7088675667,-30.904222018
14,196,ESC.PROV.M.MORENO,CALLE 12 0,183,5863,5863,-63.5857478,-31.4297826
14,197,ESC PROV JOAQUIN V GONZALEZ,JOAQUIN V GONZALEZ S/N,254,5864,5864,-63.5166821231,-30.5640018413
14,198,ESC PROV MARTIN GUEMES,MARTIN GUEMES S/N,856,5865,5868,-63.8326608627,-31.4292796621
14,199,ESCUELA N°315,CHALACEA,187,5869,5869,-63.5589708,-30.7602666
14,200,ESC M.C.CALDECOT DE ARGUELLO,FIGUEROA ALCORTA S/N,416,5870,5871,-63.3404730872,-31.0295291475
14,201,ESC JOSE MARIA PAZ,LAS CUATRO ESQUINAS,79,5872,5872,-63.223051178,-31.2062971544
14,202,ESC PROV JOSE MANUEL ESTRADA,MALVINAS ARGENTINAS S/N,79,5872,5872,-63.7930561357,-31.076843411
14,204,ESC MARIANO FRAGUEIRO,MARIANO FRAGUEIRO 385,1330,5883,5887,-63.00342,-30.893919996
14,204,INST MONSEÑOR ESQUIU,MARIANO MORENO 749  CENTRO,1618,5877,5882,-63.00342,-30.893919996
14,205,ESC PROV FRAY MAMERTO ESQUIU,SAN LORENZO 698,1592,5888,5893,-63.2529319064,-30.8895565387
14,207,ESC DALMIRA MURO(EX DEL CHACO),LAS SALADAS,180,5895,5895,-63.2040068445,-30.7588158289
2,20A,COLEGIO ARGENTINO GERMANO,VILLA GRAL.BELGRANO,1266,3147,3151,-64.5546164969,-31.9810519644
2,20A,ESC. DE COM. D. DE ROJAS,VILLA GRAL.BELGRANO,1780,3140,3146,-64.5620806769,-31.9856057781
2,20A,ESC.GRAL J. DE SAN MARTIN,VILLA GRAL.BELGRANO,2033,3132,3139,-64.5628738239,-31.9855689497
14,213,ESCUELA R.GUTIERREZ,GENERAL PAZ 788,1721,5925,5931,-63.4131306081,-30.7825689321
14,214,ESC.PROV.D.F.SARMIENTO,AVDA.SARMIENTO E 74 0,1419,5932,5936,-63.7567611692,-31.3013858852
14,215,ESC.PROV.M.BELGRANO,CHACON DE CUESTAS 0,125,5937,5937,-63.2604682846,-30.9790568296
14,217,ESC.PROV.1ER.GOBIERNO PATRIO,QUEBRACHO,88,5940,5940,-63.7337311362,-31.4776266175
14,218,ESC GRAL JOSE DE SAN MARTIN,CORRIENTES 251 LUCHI,1888,5948,5954,-63.6181073288,-31.3310553323
14,218,EX-ESCUELA N°279,PABLO ROBERT 182,1948,5941,5947,-63.6212168928,-31.333893072
14,218,IPEM N° 164 ATALIVA HERRERA,AV CONTARDO FERRINI 365,1335,5955,5959,-63.6170087985,-31.3299131306
14,220,ESC PBRO JOSE G BROCHERO,SANTA ROSA,2311,5961,5968,-63.39875,-31.1580199958
14,220,INSTITUTO EL SALVADOR,SANTA ROSA,3452,5969,5980,-63.39875,-31.1580199958
14,221,ESC PROV R SAENZ PEÑA,EL ALCALDE,103,5981,5981,-63.6008927053,-31.1175293508
14,222,IPEM N°228-SAN ISIDRO LABRADOR,AV PEDRO J FONTANA 448,779,5982,5984,-63.1159800337,-30.8928994191
15,224,ESC PROV PRIMERA JUNTA,ENCRUCIJADA,18,5988,5988,-63.3915284935,-30.181420243
15,225,ESC GRAL SAN MARTIN,PUBLICA S/N,584,5989,5991,-63.5161985,-29.7218491
15,226,ESC PRO MARTIN GUEMES,PUBLICA S/N,299,5993,5994,-63.6274677,-29.8027076
15,227,ESC.PROV.CNEL.F.DE BEDOYA,RAYO CORTADO,482,5997,5998,-63.8253676051,-30.0758796576
15,228,ESC.PROV. CNEL. A.H.CARPANI,MAESTRO PIÑA 279,1570,6004,6011,-63.5925647186,-30.1598238819
15,229,ESC JOSE DE SAN MARTIN,RIVADAVIA 768 CENTRO,1876,6012,6018,-63.7227600001,-29.9062199966
15,229,IPEM 224-LEOPOLDO LUGONES,RECONQUISTA,1551,6019,6024,-63.7227600001,-29.9062199966
16,231,ESCUELA NARCISO LAPRIDA,GRAL JOSE DE SAN MARTIN S/N,263,6034,6035,-63.3395061445,-31.5081668493
16,232,ESC PROV PTE JULIO ROCA,MARIANO MORENO 815,1338,6036,6040,-63.1165618815,-31.8758310527
16,233,ESC PROV SEMANA DE MAYO,ADALGISA 427,1152,6041,6045,-63.3819211384,-31.9640779623
16,234,ESC LIB GRAL SAN MARTIN,PUBLICA S/N,1148,6046,6050,-63.7595936,-31.6444713
16,235,ESC BERNARDINO RIVADAVIA,RIVADAVIA 66 MALVINAS  ARGENTINAS,2210,6051,6058,-63.8055710912,-31.7791047797
16,235,ESC NARCISO LAPRIDA,NARCISO LAPRIDA S/N,1927,6059,6065,-63.799786629,-31.7754795461
16,235,INST GRAL JOSE MARIA PAZ,BV RIO CUARTO 599 CENTRO,1355,6066,6070,-63.7998009135,-31.7766303914
16,236,I.P.E.A.(IPEM231 TORAZO),LAS JUNTURAS,1254,6071,6075,-63.4458465,-31.8275942
16,237,ESC GRAL JOSE DE SAN MARTIN,LUQUE,2442,6084,6092,-63.34084,-31.6489299955
16,237,IPEM N° 300,LUQUE,1935,6077,6083,-63.34084,-31.6489299955
16,238,ESC.PROV.D.F.SARMIENTO,CORRIENTES 237,559,6097,6099,-63.508737893,-31.714060654
16,239,ESC DE COM L LUGONES(IPEM 158),ONCATIVO,1939,6112,6118,-63.6758075838,-31.9195176567
16,239,ESC JOSE MARIA PAZ,ONCATIVO,3328,6100,6111,-63.6847634978,-31.9151694041
16,239,IPEM N°54 J E MULLER,25 DE MAYO S/N,2215,6126,6134,-63.6780608072,-31.9204769763
16,239,J DE INF EMILIO F OLMOS,ONCATIVO,1920,6119,6125,-63.6792666165,-31.9128004465
16,240,ESC JUAN BAUTISTA BUSTOS,PILAR,1676,6148,6153,-63.8750995388,-31.6755499773
16,240,ESC MARIA J GONZALEZ CASEROS,PILAR,2794,6154,6163,-63.8887905487,-31.6833423944
16,240,ESC ZENON LOPEZ,PILAR,3668,6135,6147,-63.8808741984,-31.6817905478
16,240,INST CARLOS PELLEGRINI,PILAR,1095,6164,6167,-63.8826706824,-31.6796843646
16,241,ESC FRANCISCO MALBRAN,POZO DEL MOLLE,1582,6178,6183,-62.91928,-32.0197899953
16,241,ESC GENERAL SAN MARTIN,POZO DEL MOLLE,2625,6168,6177,-62.91928,-32.0197899953
16,242,ESC PROV NICOLAS AVELLANEDA,RINCON,344,6184,6185,-63.6143910148,-31.5955402963
16,243,C.E.N.M.A. N° 161,SAN MARTIN ESQ ALEM,1673,6187,6192,-63.9108214985,-31.6499153779
16,243,ESC CONGRESO DE TUCUMAN,RIO SEGUNDO,2819,6221,6230,-63.9143900673,-31.6522441112
16,243,ESC PRIMER GOBIERNO PATRIO,RIVADAVIA 915,2466,6201,6210,-63.9112287671,-31.6495257343
16,243,ESC VICTOR MERCANTE,MARCONI 591 BELGRANO,2597,6211,6220,-63.9047754347,-31.654743214
16,243,IPEM N°108-C G DE REZZANO,RIO SEGUNDO,2279,6193,6200,-63.9032907877,-31.6587218204
16,243,IPEM N°156 JOSE M ESTRADA,CATAMARCA Y BELGRANO,1394,6231,6235,-63.9177797162,-31.6506337477
16,244,ESC CORONEL PRINGLES,SANTIAGO TEMPLE,1600,6236,6242,-63.41691,-31.3917499957
16,245,COLEGIO SAN JOSE,VILLA DEL ROSARIO,3610,6267,6279,-63.53893,-31.5603599956
16,245,ESC MARQUES DE SOBREMONTE,VILLA DEL ROSARIO,3312,6254,6266,-63.53893,-31.5603599956
16,245,ESCUELA RECONQUISTA,VILLA DEL ROSARIO,2474,6244,6253,-63.53893,-31.5603599956
17,248,COLEGIO SAN JOSE,RIVADAVIA(B°CENTRO) 245,2186,6305,6312,-63.3875004194,-34.128325955
17,248,ESC GRAL CONRADO VILLEGAS,INTENDENTE FENOGLIO(B°  SANTA RITA) 344,2671,6289,6298,-63.3979284394,-34.1256675368
17,248,ESC JUAN PASCUAL PRINGLES,AV INDEPENDENCIA(B°SUR) 284,2061,6323,6330,-63.3897846606,-34.1285466172
17,248,ESC LEONOR DE TEJEDA,AV PELLEGRINI(B°LA  CHACARITA) 247,1346,6299,6304,-63.3962449889,-34.1277863358
17,248,I.P.E.M. 278-M.ARGENTINAS,AV INDEPENDENCIA(B°CENTRO)  475,2414,6280,6288,-63.3915139559,-34.1326558884
17,248,IPEM 257 DR RENE FAVALORO,AV  INDEPENDENCIA(B°TERMINAL)  512,2601,6313,6322,-63.3912658167,-34.1336876538
17,249,ESC VICTIRIANO RODRIGUEZ,ALVEAR 220,982,6331,6334,-62.977098732,-33.9513676252
2,24A,ESC.PROV.ALMIRANTE BROWN,VILLA DEL DIQUE,2325,3169,3177,-64.456351524,-32.1794763464
17,251,ESC N°78-PINTOR JUAN M BLANES,LEGUIZAMON,67,6335,6335,-62.9771365515,-34.2047863697
17,252,ESC DR VIRGILIO BARBALATO,CARLOS PELLEGRINI(B°SUR) 331,2097,6343,6350,-63.9247136,-34.013440816
17,252,ESC GRAL NICOLAS LEVALLE,BERNARDINO ANCE(B°NORTE)  601,1843,6336,6342,-63.9207545751,-34.0040089374
17,254,ESC RAUL SOULE(EX NAC N°241),RIO BAMBA,78,6355,6355,-63.7329432504,-34.0535282331
17,255,ESC.PROV.P.B.PALACIOS,CORRIENTES 0,331,6356,6357,-63.1517280366,-34.1724299671
17,257,INS SAN ALBERTO Y SAN ENRIQUE,SERRANO,2391,6359,6367,-63.5349,-34.473599994
17,258,ESCUELA N°105(JOSE RUBIROLA),VILLA ROSSI,479,6368,6369,-63.2679343198,-34.2966866864
18,259,ESC.PROV.M.DE AZCUENAGA,PUBLICA 0,15,6370,6370,-65.1671018711,-31.7905627467
2,25B,ESC PROV JUAN LARREA,PUBLICA S/N,236,3188,3188,-64.3778330778,-31.854626791
18,260,ESC.PROV.FRAY J.M.NOGAL,DOMINGO F SARMIENTO 0,695,6371,6373,-65.0570677,-31.4902261
18,261,ESC JOSE GABRIEL BROCHERO,MARIANO MORENO(B°CENTRO)  291,1578,6383,6389,-65.0208404987,-31.7081985836
18,262,ESC GRAL JOSE DE SAN MARTIN,MINA CLAVERO,2605,6394,6404,-65.0062007576,-31.7248272634
18,262,ESC MAESTRO D F SARMIENTO,AV HERNAN CORTEZ(B°MAYTHE)  1060,1534,6405,6410,-64.997343839,-31.7204381203
18,262,IPEM N° 285-J G BROCHERO,LOS FUNDADORES S/N (B°SANTA  ANA),1485,6411,6416,-65.0076313979,-31.7363080055
18,263,ESC.PROV.D.F.SARMIENTO,SARMIENTO 223,710,6421,6423,-65.0018464856,-31.7955489522
18,263,IPEM 135-DON JOSE F RECALDE,LOS PORTEÑOS/CALLE PUB 0,942,6417,6420,-64.9939812,-31.79361
18,264,ESC.P.PIZZURNO,PUBLICA 0,246,6432,6432,-65.05394,-31.6319544
18,266,ESC MAESTRO H GALABURRI,PUBLICA S/N,1011,6462,6465,-65.4296248676,-31.8514589258
19,267,ESC PROV NARCISO LAPRIDA,PUBLICA S/N,307,6467,6468,-65.230487309,-32.0820362737
19,268,COLEGIO SAGRADO CORAZON,HORMAECHE (B°JARDIN) 375,2174,6521,6528,-65.1877209504,-31.9498027595
19,268,ESC C CENTENARIO-IPEM N° 146,PEDRO C MOLINA 145,1886,6529,6536,-65.1939949742,-31.9455481671
19,268,ESC DOLORES AGUIRRE DE FUNES,PEDRO C MOLINA  S/N(B°TRADICION,1622,6537,6543,-65.1965329494,-31.9533318425
19,268,ESC GENERAL SAN MARTIN,EDISON 130,3484,6501,6513,-65.185633222,-31.9469575095
19,268,ESC MANUEL BELGRANO,AV BELGRANO (B°FATIMA) 1399,1650,6514,6520,-65.1717991009,-31.94815259
19,268,ESC MARIANO MORENO,PRESIDENTE PERON (B°JARDIN)  565,2453,6469,6477,-65.1926245137,-31.9511918909
19,268,ESC.NORMAL SARSFIELD,AV.S.MARTIN 271,4056,6486,6500,-65.1912208404,-31.9482943354
19,268,INST PBRO J V BRIZUELA,SARMIENTO (B°CENTRO) 270,2144,6478,6485,-65.190492429,-31.9479741166
19,269,ESC PROV JOSE M PAZ,VELEZ SARSFIELD Y BRAULIO  FUNES,1271,6547,6551,-65.0472502573,-32.2166195854
19,269,INST JUAN BAUTISTA ALBERDI,LA PAZ,777,6544,6546,-65.0472502573,-32.2166195854
2,26B,ESC.PROV.DEAN FUNES,SAN IGNACIO,98,3220,3220,-64.5045745,-32.1398107
19,270,ESC MAGDALENA T DE CHARLES,PUBLICA S/N,2932,6554,6564,-65.051382744,-31.9521104689
19,271,ESC LEOPOLDO LUG0NES,LAS TAPIAS,1091,6565,6568,-65.0951147,-31.9538224
19,272,ESC JOSE DE SAN MARTIN,GRAL SAN MARTIN S/N,725,6569,6571,-64.9879703981,-31.9035480867
19,273,ESC.PROV.EMILIO F.OLMOS,PUBLICA 0,604,6572,6575,-65.0586364626,-32.1489333426
19,274,ESC GENERAL SAN MARTIN,SAN JAVIER,606,6576,6578,-65.0318938,-32.0319308
19,275,ESC EMILIO FELIPE OLMOS,AV SAN MARTIN S/N,1624,6581,6586,-65.3136748435,-31.9570434353
19,276,ESC GENERAL SAN MARTIN,PUBLICA 0,604,6592,6594,-65.0318938,-32.0319308
20,277,ESC FRAY CAYETANO RODRIGUEZ,ALICIA,1253,6599,6603,-62.4657599999,-31.9380399953
20,277,ESC JOSE MANUEL ESTRADA,ALICIA,974,6595,6598,-62.4657599999,-31.9380399953
20,278,ESC.PROV.RECONQUISTA,SARMIENTO 543,1450,6604,6609,-62.339517281,-30.95765505
20,279,CERVELLON/NTRA S DE LA MERCED,9 DE JULIO (B°CENTRO) 465,2240,6656,6664,-63.0490661193,-31.4186556693
20,279,ESC JOSE MARIA PAZ,RIVADAVIA (B°CENTRO) 473,2274,6621,6628,-63.0509409816,-31.4185096826
20,279,ESC MANUEL BELGRANO,RIVADAVIA (B°CENTRO) 473,3117,6610,6620,-63.0502225496,-31.4188146831
20,279,ESCUELA N°198(ESC GIMENEZ LAGO,ARROYITO,3288,6643,6655,-63.0493278555,-31.4270708113
20,279,INST DR D VELEZ SARSFIELD,ARROYITO,3843,6629,6642,-63.0584459472,-31.4218556521
20,280,ESC PABLO JULIO RODRIGUEZ,GENERAL LAVALLE (B°IPV  NORTE) 150,1793,6673,6679,-62.6731099999,-31.0113699959
20,280,ESC VICENTE LOPEZ Y PLANES,25 DE MAYO (B°IPV NORTE) 271,1521,6667,6672,-62.6731099999,-31.0113699959
20,280,INST JUAN BAUTISTA ALBERDI,BALNEARIA,999,6680,6683,-62.6731099999,-31.0113699959
20,282,COLEGIO MANUEL BELGRANO,AV SEEBER (B°MANUEL  BELGRANO) 317,2150,6685,6692,-62.0332469476,-30.8679026249
20,282,ESC 25 DE MAYO,25 DE MAYO 975(B°25 DE  MAYO),2979,6693,6703,-62.0389615815,-30.8660630142
20,285,ESC CARLOS J FLORIT,DEVOTO,2613,6715,6724,-62.3061399999,-31.4030499957
20,285,ESC DOMINGO F SARMIENTO,DEVOTO,1588,6725,6730,-62.3061399999,-31.4030499957
20,286,ESC PROV DOMINGO F SARMIENTO,PUBLICA S/N,111,6731,6731,-62.1129694323,-30.5266233489
20,287,ESC PROV L DE LA TORRE,PUBLICA S/N,93,6732,6732,-62.0323348675,-30.625885124
20,288,ESC PROV CHACABUCO,25 DE MAYO 381,1558,6733,6738,-62.8902379256,-31.7409986044
20,289,ESC PROV DOMINGO F SARMIENTO,MATEO OLIVERO 576,932,6740,6743,-62.2986917,-31.9685169
3,28A,MARGARITA W DE PAZ,AVELLANEDA 684,1922,3300,3306,-64.3375820001,-31.3475939949
20,290,ESC PROV JOSE MARIA PAZ,15 DE OCTUBRE 588,553,6744,6745,-62.8275855737,-31.3861371561
20,290,IPEM N°166 CAP G DEL VALLE,EL TIO,821,6746,6748,-62.8292414676,-31.3815165281
20,291,COL STA TERESITA DEL N JESUS,BV 12 DE OCTUBRE 681,2077,6749,6756,-62.0986299998,-31.1656099958
20,291,ESC FLORENTINO AMEGHINO,FREYRE,2617,6757,6766,-62.0986299998,-31.1656099958
20,292,ESC THOMAS ALVA EDISON,ITURRASPE,77,6768,6768,-62.0787923,-31.2216023
20,293,ESC PROV DAMAS PATRICIAS,LA FRANCIA,1563,6773,6778,-62.6331999999,-31.4071099957
20,293,INST COM SEC LA FRANCIA,LA FRANCIA,1076,6769,6772,-62.6331999999,-31.4071099957
20,294,ESC PROV MARIANO MORENO,ALTE BROWN 231,790,6779,6781,-62.2183799,-30.9064821
20,295,ESC MARGARITA LA TORRE MERCADO,8 DE SEPTIEMBRE 107,1246,6783,6787,-63.062152988,-31.2501079083
20,296,IPEM N°287-L LUGONES,LASPIUR,1722,6789,6795,-62.4845706647,-31.7055505876
20,297,ESC PROV MARIANO MORENO,LAS VARAS,944,6796,6799,-62.6174913804,-31.8035774735
20,298,ESC BARTOLOME MITRE,SGTO CABRAL 521,2686,6831,6840,-62.7110644753,-31.8743577977
20,298,ESC BERNARDINO RIVADAVIA,INDEPENDENCIA 294,2137,6823,6830,-62.7152588002,-31.8739156837
20,298,ESC NORM SUP D VELEZ SARSFIELD,ESCRIBANO LUIS MORELLI 188,4542,6800,6816,-62.7241733009,-31.8734170476
20,298,ESCUELA GRAL PAZ,BUENOS AIRES 460,1315,6817,6822,-62.7184949849,-31.8652051182
20,299,ESC CONSTANCIO LUXARDO,PUBLICA S/N,289,6841,6842,-62.1350899,-31.3055854
3,29A,ESC.PROV.B.RIVADAVIA,PUBLICA 0,223,3352,3352,-63.8907170152,-31.1243696948
20,300,INST SEC MANUEL DORREGO,SARMIENTO 295,984,6843,6846,-62.3607357897,-31.250494212
20,303,ESC.PROV.J.L.DE CABRERA,JERONIMO LUIS DE CABRERA 0,1563,6854,6859,-62.6786761,-30.9185524
20,304,ESC BERNARDINO RIVADAVIA,SARMIENTO 208,1312,6899,6903,-61.9997821782,-30.7110327648
20,304,ESC D VELEZ SARSFIELD,EMILIO F OLMOS 375,2669,6874,6883,-62.0086655924,-30.7076169063
20,304,ESCUELA CRISTO REY,BV 9 DE JULIO 1008,3691,6884,6898,-62.0069348212,-30.7126345939
20,305,ESC PROV 9 DE JULIO,PORTEÑA,1950,6911,6917,-62.0619299998,-31.0140199959
20,305,INST BERNARDINO RIVADAVIA,PORTEÑA,1626,6904,6910,-62.0619299998,-31.0140199959
20,306,ESC PROV SANTIAGO DERQUI,JUAREZ CELMAN 357,219,6918,6919,-62.3684615544,-31.6297742902
20,307,ESC.PROV.AYACUCHO,SARMIENTO 0,466,6920,6921,-62.2243539171,-31.551736983
20,308,ESCUELA ITUZAINGO,ITUZAINGO 251,1222,6926,6930,-63.04036,-31.6633599955
20,308,INST MANUEL BELGRANO,BELGRANO 960,993,6922,6925,-63.042187,-31.6633249947
20,309,ESC PROV PRIMERA JUNTA,9 DE JULIO 576,1139,6931,6935,-62.7259232919,-31.5280957838
20,310,COL SUP SAN MARTIN,PJE CHAMPAGNAT (SUR) 57,3374,6958,6970,-62.0832,-31.4305
20,310,ESC GENERAL MITRE,SANTA FE 538,2317,6949,6957,-62.0778,-31.4364
20,310,ESC N AVELLANEDA(IPEM N°50),RIVADAVIA 679,3080,6936,6948,-62.0881,-31.4362
20,310,ESCUELA 2 DE ABRIL,FALUCHO Y PEATONAL LARREA  N S/N,1846,6971,6979,-62.1015,-31.4353
20,310,ESCUELA N AVELLANEDA,RIVADAVIA 648,3912,6991,7006,-62.0881,-31.4358
20,310,ESCUELA RAFAEL NUÑEZ,PARAGUAY(B°CATEDRAL) 1776,2331,7007,7015,-62.0875,-31.4344
20,310,ESCUELA RIO NEGRO,CASEROS(B°LA CONSOLATA) 518,2765,6980,6990,-62.098562658,-31.4328292543
20,311,ESC PROV 9 DE JULIO,COLONIA SAN PEDRO,177,7092,7092,-61.9173704986,-30.781221074
20,313,ESCUELA N°149(HOY:JOSE SEEBER),SEEBER,495,7094,7095,-61.9725585139,-30.9262607507
20,314,ESC PROV R GUTIERREZ,TRANSITO,2050,7096,7104,-63.19275,-31.4275999956
20,315,COL MARIA AUXILIADORA,ANA PASSADORE 611,537,7105,7106,-61.9566249999,-30.840373996
21,316,ESC COMANDANTE ESPORA,3 DE FEBRERO(B° SUR) 362,3308,7107,7118,-64.4296224573,-31.6614329258
21,316,ESC NAC NORM SUP ALTA GRACIA,JOSE HERNANDEZ(B°CAMARA)  201,2697,7150,7159,-64.4247151846,-31.6560464078
21,316,ESC REPUBLICA ITALIANA,COLEGIO 127 LALAHENES,2196,7169,7176,-64.4086684957,-31.657006375
21,316,ESC SANTIAGO DE LINIERS,B°LINIERS,8,7221,7221,-64.4310302402,-31.6576750775
21,316,ESC VICTOR MERCANTE,ANATOLE FRANCE(B°CARLOS  PELLEGRINI) 360,2172,7119,7126,-64.4357623007,-31.6510271738
21,316,ESCUELA CURA ELEODORO FIERRO,RAMON J CARCANO(B°GOB A  SABATTINI) 135,3234,7191,7203,-64.433720439,-31.6482462114
21,316,ESCUELA JOSE MARIA PAZ,LOS ANDES(B°CAMARA) 80,2419,7204,7212,-64.4181603245,-31.6571220812
21,316,ESCUELA MANUEL SOLARES,ESPAÑA (B°SUR) 26,2109,7213,7220,-64.4322199682,-31.6577729434
21,316,ESCUELA SAN MARTIN,URUGUAY(B°NORTE) 200,2157,7160,7168,-64.4303337762,-31.65386751
21,316,I.P.E.M. N° 298,RAFAEL LOZADA(B°CENTRO) 53,3877,7177,7190,-64.4310549883,-31.6577748495
21,316,INST DE LA MISERICORDIA,PADRE DOMINGO VIERA 151,2704,7133,7142,-64.4360598573,-31.6572540317
21,316,INST EL OBRAJE (ARRIBA),NIETO(B°POLUYAN) 17,1348,7127,7132,-64.4326079457,-31.6577756339
21,316,INST SUP ANGLO AMERICANO,BV CARLOS PELLEGRINI 637,1653,7143,7149,-64.4387805514,-31.6523722548
21,317,ESC PROV B DE MONTEAGUDO,CALLE PUBLICA P/ANIZACATE 0,175,7253,7253,-64.3543410009,-31.7297106935
21,318,ESC.PROV.FRENCH Y BERUTTI,SARMIENTO Y BERUTTI(RAFAEL  GARCIA) 0,4,7254,7255,-64.2588629807,-31.6471033182
21,319,ESC DR FLORENTINO F BUSTOS,LIBERTADOR SAN MARTIN 0,1169,7256,7260,-64.1929834315,-31.5578612512
3,31A,ESC.PROV.V.MERCANTE,AGUA DE ORO,1531,3369,3374,-64.3022519957,-31.0651382715
21,322,ESC PROV OLEGARIO V ANDRADE,PUBLICA S/N,51,7262,7262,-64.0786001989,-31.7532843668
21,323,ESC PROV 25 DE MAYO,CONGRESO 235,1897,7272,7278,-64.2161000315,-31.7650937318
21,323,INSTITUTO PRIVADO PIO XII,PADRE BUTELER 229,2454,7263,7271,-64.2161000315,-31.7650937318
21,324,ESC PROV DOMINGO F SARMIENTO,PUBLICA S/N,778,7279,7281,-64.454392,-31.5854426
21,325,ESC.PROV.B.RIVADAVIA,SARMIENTO 441,1095,7282,7285,-64.0902753,-31.6458773
21,326,I.P.E.M.67-L.PIEDRABUENA,MALAGUEÑO,2201,7297,7304,-64.3614100001,-31.4684099956
21,327,ESC.DELL'ARMELLINA,ITALIA 0,403,7319,7320,-64.2408250202,-31.9109173538
21,331,BACHILLERATO REINO DE ESPAÑA,TOLEDO,799,7339,7341,-64.0035525887,-31.55680797
21,331,ESC PROV JUAN B ALBERDI,TOLEDO,1885,7331,7338,-64.0040403573,-31.5577786833
22,332,ESC.PROV.FCO.PASCACIO MORENO,POZO NUEVO,399,7342,7343,-64.1019189125,-29.5788089908
22,333,ESC V LOPEZ Y PLANES,CAMINIAGA,399,7342,7343,-64.0514879,-30.0681864
22,334,ESC PROV MARIANO MORENO,PUBLICA S/N,268,7346,7346,-64.1129505788,-29.9343960868
23,336,COL NAC JOSE M ESTRADA,URUGUAY 55,3230,7355,7366,-64.2542309252,-32.1904063218
23,336,ESC REMEDIOS E DE SAN MARTIN,CASTELLI 590,2976,7367,7377,-64.2476560654,-32.1945952046
23,336,IPEM N° 299-DR S E NAUMCHIK,SANTIAGO DEL ESTERO  ESQ.FRAGUEIRO,1369,7378,7383,-64.2594644119,-32.1887548279
23,337,ESC.M.G.PONCE,DUSSAN ALACEVICH 86,1940,7384,7390,-63.8924700001,-32.1639599952
23,338,ESC PROV GRAL J DE SAN MARTIN,PABLO A PIZZURNO 149,1343,7393,7397,-64.1909000001,-32.0255299953
23,339,ESC PROV FRAY LUIS BELTRAN,RIVADAVIA 283,1046,7398,7401,-63.5776019,-32.6115601
3,33A,ESC PROV VICENTE AGUERO,LOTE XVII S/N,218,3461,3461,-64.0175903665,-31.0283748464
23,340,COLEGIO DIVINO CORAZON,25 DE MAYO 100,1352,7409,7413,-63.7319858269,-32.4271775903
23,340,ESC GOB J F JAVIER DIAZ,HERNANDO,1860,7402,7408,-63.7266466345,-32.4314931572
23,340,ESC LA STMA TRINIDAD,COLON 102,1849,7423,7429,-63.7324328586,-32.4282075191
23,340,ESC PABLO A PIZZURNO,HERNANDO,2415,7414,7422,-63.7331129955,-32.4235194128
23,341,ESC PROV J M SALGUEIRO,JAMES CRAIK,1877,7436,7442,-63.46686,-32.1591799952
23,341,INST SEC JOSE M ESTRADA,JAMES CRAIK,1597,7430,7435,-63.46686,-32.1591799952
23,342,ESC CNEL DOMINGO GAY,SAN LUIS Y GENERAL PAZ S/N,1069,7449,7454,-63.7053400001,-32.7004399949
23,342,ESC PROV DOMINGO F SARMIENTO,LAS PERDICES,1607,7443,7448,-63.7053400001,-32.7004399949
23,343,ESC VICENTE LOPEZ Y PLANES,SAN MARTIN 346,481,7455,7456,-63.2003468175,-32.0459948837
23,344,C0LEGIO SAGRADO CORAZON,DON BOSCO S/N,3426,7464,7476,-63.5732680596,-32.0426559298
23,344,ESC PROV BARTOLOME MITRE,ALVEAR 320,1845,7457,7463,-63.5708280688,-32.0366837924
23,345,ESC PROV ANTARTIDA ARGENTINA,PAMPAYASTA NORTE,339,7489,7490,-63.6425657,-32.2406713
23,346,ESC.PROV. REYES CATOLICOS,RIVADAVIA 198,1043,7491,7494,-63.6505705,-32.2527754
23,347,ESC.PROV.S.A.GUTIERREZ,PUBLICA 0,204,7495,7495,-63.8094980492,-32.5759588289
23,348,COLEGIO C SAAVEDRA LAMAS,HILARIO CUADROS Y EDMUNDO  CARTOS S/N,1668,7609,7614,-64.1035553966,-32.1721117093
23,348,COLEGIO JESUS MARIA Y JOSE,SAN AGUSTIN 318,3560,7559,7572,-64.1072071182,-32.1693255517
23,348,ESC GREGORIA I PEREZ,ANGELINA ORTIZ ESQ  INDEPENDENCIA S/N,2468,7573,7582,-64.1047219093,-32.1806330061
23,348,ESC JOSE M ZAPIOLA,CHACABUCO 649,3264,7583,7595,-64.1247732714,-32.1658024681
23,348,ESC PROV MODESTO ACUÑA,AMINTA R DE HERRERA 455,3036,7497,7508,-64.1122385207,-32.1770462476
23,348,ESC PROV R E DE SAN MARTIN,25 DE FEBRERO 171,3254,7541,7552,-64.1171389426,-32.1789314469
23,348,ESC SUP DE COMERCIO,D DE ROJAS S/N-B°LAS VILETAS,1620,7553,7558,-64.1265574993,-32.1666174828
23,348,INST ALEXIS CARREL,GRAL PAZ Y ESPAÑA 390,4320,7524,7540,-64.1113894237,-32.1770697227
23,349,ESC GRAL JOSE DE SAN MARTIN,SARMIENTO 1076,1825,7622,7628,-63.9750600001,-32.2498199952
23,349,ESC PROV JOSE M PAZ,BARTOLOME MITRE 451,1845,7615,7621,-63.9750600001,-32.2498199952
24,350,ESC PROV GRAL ARENALES,CANDELARIA,280,7631,7632,-63.8003673961,-30.8388215212
24,351,ESC.R.J.CARCANO,CAÑADA DE LUQUE,945,7633,7636,-63.72123,-30.7397838
24,352,ESC.PROV.J.F.KENNEDY,LIDORO CENTURION 324,1295,7639,7643,-64.0006993,-30.5644262
24,353,ESC CEFERINO NAMUNCURA,MACHA,63,7645,7645,-64.1388070416,-30.5652392796
24,354,ESC PROV GREGORIA MATORRAS,PUBLICA S/N,168,7646,7646,-64.2332893353,-30.870357376
24,356,ESC.PROV.F.AMEGHINO,PUBLICA 0,240,7650,7650,-63.982655901,-30.4762072644
24,357,ESC.PROV.CNEL. PRINGLES,PUBLICA- CAMINO A SAN  LORENZO 0,1231,7651,7655,-64.0945598661,-30.942921061
24,358,ESC.PROV.24 DE SEPTIEMBRE,8 DE DICIEMBRE S/N,416,7656,7657,-63.6523988177,-30.5741858919
24,359,ESC NORM SUP V DEL TOTORAL,REP ARGENTINA Y PTE PERON  S/N,1475,7667,7671,-64.0681600001,-30.7024599961
24,359,ESC PROV BARTOLOME MITRE,BV.ALLENDE S/N,2639,7658,7666,-64.0681600001,-30.7024599961
3,35A,JARDIN DE INF.CAP.CANDELARIA,VILLAFAÑE DEL VISO 0,419,3515,3517,-64.0026778579,-31.355275169
25,361,ESC.J.M.ESTRADA,AV.SAN MARTIN 0,1122,7682,7687,-63.5954130879,-30.381771986
25,362,ESC PROV 25 DE MAYO,EL BAÑADO,30,7688,7688,-63.8423014782,-30.348278798
25,363,ESC PROV JOSE MARMOL,CAMINO PROVINCIAL S/N,32,7689,7689,-64.4176335808,-30.0308490682
25,364,ESC.PROV.F.N.LAPRIDA,LA DORMIDA,1509,7697,7702,-63.9493782821,-30.3578345814
25,365,ESC LUIS E JUNCOS(EX NAC 212),LAS MASITAS,5,7703,7703,-63.5612329036,-30.2648033419
25,366,ESC.MARIA L.ROBLEDO,PUBLICA 0,674,7704,7707,-64.7074829741,-29.805439924
25,367,ESC.PROV.D.F.SARMIENTO,JAVIER GARCIA 0,317,7708,7709,-63.4746204133,-30.4314623235
25,368,ESC.PROV.V.MERCANTE,ONCATIVO 0,536,7710,7711,-64.6220574379,-30.0110447197
25,369,ESC MANUEL BELGRANO,9 DE JULIO S/N,401,7712,7713,-64.1540318083,-30.0919994305
25,371,ESC.PROV.OB.O.CORREA,CALLE REAL 0,1445,7716,7721,-64.1241432346,-30.3953020766
26,372,ESC.PROV.DR.GARCIA GONZALEZ,JULIO A ROCA 115,828,7722,7724,-62.8863097862,-32.3457090893
26,373,ESC PROV GRAL SAN MARTIN,PTE PERON- CENTRO 75,2774,7726,7735,-62.9811748453,-32.5429227379
26,375,COLEGIO SAN JOSE,BV FIGUEROA ALCORTA 40,2845,7812,7822,-62.6852690266,-32.6301309295
26,375,ESC F AMEGHINO,ENTRE RIOS 457,2537,7759,7769,-62.6918780432,-32.6340093776
26,375,ESC PONCIANO VIVANCO,AMEGHINO 155,4139,7796,7811,-62.6885625678,-32.6278514962
26,375,ESC.NORMAL F.ALCORTA,25 DE MAYO 135,5473,7738,7758,-62.688196323,-32.6315246315
26,375,ESCUELA A MATTERSON,PTE PERON 414,3052,7784,7795,-62.6794246427,-32.6251833597
26,376,ESC PROV B ERNARDINO RIVADAVIA,RIVADAVIA 360,373,7823,7824,-62.7146585616,-33.3019229447
26,377,ESC PROV ALMAFUERTE,PUBLICA S/N,168,7825,7825,-62.7320819,-33.4634427
26,378,ESC PROV J HERNANDEZ,CANALS,2594,7826,7835,-62.8858985296,-33.5631022152
26,378,INSTITUTO BELISARIO ROLDAN,CANALS,2861,7836,7847,-62.885039559,-33.5636315535
26,379,ESC.PROV.A.M.ZUMARAN D CARCANO,PUBLICA 0,18,7848,7848,-63.1030203,-32.4919403
26,381,ESC DE COM JOSE M.ESTRADA,BELGRANO 548,960,7849,7852,-62.650021,-32.3066789
26,382,ESC PROV B QUINQUELA MARTIN,SANTA FE S/N,473,7853,7854,-62.5091057,-32.3324432
26,384,ESC.PROV.V.LOPEZ Y PLANES,BUENOS AIRE 414,1276,7855,7859,-62.8398674577,-33.880894828
26,385,ESC.M.C.G.DE MATOCCIA,ITALIA 1320,1149,7860,7863,-62.7752475821,-33.170785548
26,387,ESC P ALBARRACIN DE SARMIENTO,9 DE JULIO 551,719,7866,7870,-63.0332490688,-32.812445996
26,389,ESCUELA PROV DARDO ROCHA,LABORDE,2114,7878,7885,-62.8583247015,-33.1498857456
26,389,INST SUP DE PROFESORADO,SAN MARTIN 451,1861,7871,7877,-62.856071652,-33.1516693197
26,390,ESC.PROV.D.F.SARMIENTO,CARDO 146,392,7886,7887,-62.5887886,-32.6112975
26,391,ESCUELA JOSE DE SAN MARTIN,SAN MARTIN 1518,1640,7901,7906,-62.5997002829,-33.2045540756
26,391,INSTITUTO SAGRADO CORAZON,9 DE JULIO 2250,3399,7888,7900,-62.5947456082,-33.206174956
26,392,ESC PROV LEOPOLDO LUGONES,MORRISON,1487,7911,7916,-62.83342,-32.591769995
26,392,ESC PROV NIÑAS DE AYOHUMA,VICENTE LOPEZ Y PLANES S/N,996,7907,7910,-62.83342,-32.591769995
26,394,ESCUELA AMADEO AUCHTER,CALLE 10 N°119,1777,7930,7936,-62.86584,-32.8409799948
26,395,ESC MAESTRO J RECALDE,PASCANAS,491,7942,7944,-63.04174,-33.1252099947
26,395,INST GALA ORTIZ FERNANDEZ,ESPAÑA 16,1229,7937,7941,-63.04174,-33.1252099947
26,396,ESC PROV JUANA MANSO,DEAN FUNES 346,1322,7956,7960,-62.6751621085,-32.8842992564
26,396,INST DALMACIO VELEZ SARSFIELD,BELGRANO 222,2906,7945,7955,-62.6801733753,-32.8818696846
26,396,INSTITUTO SAN JOSE,9 DE JULIO Y COLON,1347,7961,7965,-62.6707055102,-32.8847127693
26,397,ESC.PROV.P.PIZZURNO,MAESTRO FERNANDEZ 538,1062,7967,7971,-62.6295166,-32.2127922
26,400,ESC PROV M BUCHARDO,SAN MARCOS SUD,1050,7977,7980,-62.4824499999,-32.630269995
26,400,INST JOSE DE SAN MARTIN,SAN MARCOS SUD,1054,7973,7976,-62.4824499999,-32.630269995
26,401,ESC PROV PAULA ALBARRACIN,PUBLICA S/N,142,7981,7981,-62.9143113,-33.6973206
26,402,INSTITUTO JUAN B ALBERDI,AVELLANEDA 182,1200,7982,7986,-63.0985493,-33.7464951944
3,40A,ESC.PROV. D.F.SARMIENTO,MALVINAS ARGENTINAS Y  SARMIENTO 0,2745,3633,3643,-64.3034060001,-31.2668109949
3,40A,I.P.E.M.N° 317,MENDIOLAZA,2459,3644,3653,-64.3028820001,-31.2671479949
3,41A,ESC.DE COMERCIO J.M.PAZ,VELEZ SARSFIELD 647,2912,3745,3755,-64.3090680001,-31.3169069949
3,41A,ESCUELA NOGAL HISTORICO,JOSE ACCASTELLI 252,3202,3732,3744,-64.3094370001,-31.3138199949
3,41A,JARDIN NOGAL HISTORICO,,542,3730,3731,-64.3099410001,-31.3141469949
4,43B,ESC PROV JUAN B ALBERDI,PUBLICA S/N,153,3760,3760,-64.942889289,-31.0666792854
4,44A,ESC.PROV.PCIA.DE LA RIOJA,RUTA 75 0,191,3833,3834,-64.8471271,-30.7064065
4,46B,ESCUELA PROVINCIAL,ALTO DE LOS QUEBRACH,179,3841,3841,-65.0343230033,-30.5442342531
4,50A,ESC DOMINGO F SARMIENTO,PUBLICA S/N,486,3849,3850,-64.9449411727,-30.5683018281
4,54A,ESC.PROV.M. BELGRANO,CANTERAS QUILPO,100,3865,3865,-64.6951659,-30.8582565
4,55A,ESC.PROV.DEAN G.FUNES,LA BATEA,79,3874,3874,-65.308921373,-30.3718583415
7,91A,ESC.PROV.J.V.RECLA,CANTERAS,12,4299,4299,-64.3071791653,-30.4836571475
7,91B,ESC LIB GRAL SAN MARTIN,PUBLICA S/N,78,4300,4300,-64.2534441498,-30.5200170285
7,91C,ESC.PROV.M.MARTINEZ DE SUAREZ,PUBLICA 0,206,4301,4301,-64.1604566,-30.6796325
7,96A,ESC.PROV.GUIDO SPANO,PUBLICA 0,454,4359,4360,-64.8527167484,-30.6011390403
8,110A,ESC.PROV.M.BELGRANO,12 DE OCTUBRE 0,55,4463,4463,-63.49112,-33.7579654
9,128A,ESC.PROV.PAULA ALBARRACIN,AV 24 DE SEPTIEMBRE 0,98,4641,4641,-62.3431686,-32.9349552
9,131A,ESCUELA VICTORIA OCAMPO,VILLA ELISA,23,4683,4683,-62.2938591903,-32.835369076
10,138A,ESC MIGUEL DE AZCUENAGA,RUMIACO,18,4788,4788,-65.2663138196,-30.9050633863
10,138B,ESC.PROV.FRAY M.ESQUIU,PUBLICA 0,66,4789,4789,-65.2217481195,-31.0395020883
10,138C,ESC PROV NIÑAS DE AYOHUMA,PUBLICA S/N,217,4790,4790,-65.2148204399,-31.1278884654
10,138D,ESC.PROV.MONS.R. LEAL,PUBLICA 0,111,4791,4791,-65.3156039,-30.9501518
10,139A,ESC.PROV.R.VERA PEÑALOZA,AGUA DE RAMON,57,4793,4793,-65.3650903792,-30.8497002734
10,139B,ESC PROV GRAJ J DE SAN MARTIN,PUBLICA S/N,187,4794,4794,-65.3612410435,-31.0105768738
10,140A,ESC MARTIN MIGUEL DE GUEMES,OJO DE AGUA DE TOTOX,60,4796,4796,-65.2465584464,-31.2167031834
10,141A,ESC PROV ANGEL V PEÑALOZA,PUBLICA S/N,108,4798,4798,-65.3650903792,-30.8497002734
11,144A,ESC.PROV.L.LUGONES,PUBLICA 0,40,4809,4809,-65.6678017979,-31.6413780818
11,144B,ESC R ESCALADA DE SAN MARTIN,EL MEDANITO,35,4810,4810,-65.3805344388,-31.5817818826
11,146A,ESC.PROV.M.BELGRANO,TALA CAÑADA,202,4820,4820,-64.9638141612,-31.3590199808
12,147A,ESC HOGAR ALBERTO MAGGI,CEFERINO NAMUNCURA 62,664,4837,4839,-64.4624190001,-31.3478555957
12,147B,ESC DR JERONIMO J DEL BARCO,VILLA PARQUE SIQUIMAN,988,4840,4843,-64.4625085083,-31.3479284644
12,152A,COL JUANA MICONO DE GIARDIN,AV SAN MARTIN 762,739,4954,4956,-64.4727956001,-31.0257781959
12,152A,ESC ESTEBAN ECHEVERRIA,CHILE S/N B°INDEPENDENCIA,1017,4950,4953,-64.4727956001,-31.0257781959
12,155A,ESC DRA CECILIA GRIERSON,LOS COCOS,714,5019,5021,-64.5032219001,-30.9234105959
12,156A,ESC MERCEDES S M DE BALCARCE,GENERAL SAN MARTIN S/N,1066,5176,5179,-64.5653795001,-31.4823338956
12,156D,ESC JUAN JOSE PASO,RUTA PROV. 14-KM.43 CENTRO,1344,5185,5189,-64.5289695591,-31.4770173886
12,158A,ESC.PROV.D. FRENCH,CALLE 10 0,249,5234,5234,-64.559150317,-31.3885253152
12,158C,IPEM N° 332,LOS TALAS ESQ. LAS ROSAS,1322,5237,5242,-64.520137333,-31.3748378071
13,160A,ESC PROV DOMINGO F SARMIENTO,PUBLICA S/N,199,5266,5266,-64.7260567557,-33.1851543344
13,178A,ESC.C.G. DE REZZANO,CALLE 11 0,319,5454,5455,-64.8432789587,-32.8894301128
13,184A,ESC.PROV.M.BELGRANO,SARMIENTO 0,487,5527,5528,-63.8890002,-33.6368817
13,191A,ESC.PROV.R.E.DE SAN MARTIN,REMEDIOS ESCALADA DE SAN  MARTIN 0,215,5855,5855,-64.4293788,-33.4904208
14,201A,ESC MAEST F BELLORA DE DAVILA,LAS GRAMILLAS,110,5873,5873,-63.228992395,-31.1324210564
14,212B,ESC PROV DOMINGO F SARMIENTO,PUBLICA S/N,215,5924,5924,-63.6055012665,-31.0167732335
14,215A,ESC PROV JUAN JOSE PASO,PUBLICA S/N,196,5938,5938,-63.1518816534,-31.06246082
15,225A,ESC PROV GENERAL PAZ,PUBLICA S/N,56,5992,5992,-63.35794706,-30.0745172075
15,226A,ESC.PROV.D.F.SARMIENTO,PUESTO DE CASTRO,231,5995,5996,-63.427201371,-30.2702247884
15,227A,ESC PROV GUILLERMO BROWN,PUBLICA S/N,231,5995,5996,-62.9441043,-30.183202
15,227C,ESC PROV G MARTINEZ PIZARRO,PUBLICA S/N,231,5995,5996,-63.8520639,-29.9990457
15,227D,ESC PROV ING FEDERICO NEHHER,PUBLICA S/N,230,6003,6003,-63.8443009,-30.1155182
15,229A,ESC PROV LEOPOLDO LUGONES,SANTIAGO DEL ESTERO S/N,155,6025,6025,-63.5890520533,-29.9241652814
16,230A,ESC.PROV.M.BELGRANO,CALCHIN OESTE,554,6032,6033,-63.2765901,-31.8628413
16,236A,ESC.PROV.D.F.SARMIENTO,PUBLICA 0,32,6076,6076,-63.49662,-31.88299
16,237A,ESCUELA N°57,MANFREDI,696,6093,6095,-63.7433223,-31.8444589
16,237B,ESC PROV JERONIMO L DE CABRERA,PUBLICA S/N-IMPIRA,146,6096,6096,-63.6503637905,-31.7992047016
16,244A,ESC PROV ESTANISLAO DEL CAMPO,PUBLICA S/N,224,6243,6243,-63.3265208,-31.4031486
18,260A,ESC PROV JUAN P PRINGLES,PUBLICA S/N,38,6374,6374,-64.9575965296,-31.4832320441
18,261A,ESC PROV JUAN MARTIN RECALDE,PUBLICA S/N,634,6390,6392,-65.016636,-31.6686367
18,263B,ESC PROV CEFERINO NAMUNCURA,PUBLICA S/N,26,6425,6425,-64.8465692434,-31.8337278571
18,263C,ESC J V LOPEZ(EX-NAC N°493),RUTA N°14 Y ESMERALDA 0,351,6426,6427,-65.001593,-31.7625419
18,264A,ESC TOMAS DE IRIARTE,LOS ESPINILLOS,134,6433,6433,-65.1027334,-31.6975211
18,265B,ESC PROV MARIO REMORINO,PUBLICA S/N,54,6459,6459,-65.3760565897,-31.6673615078
18,265C,ESC.PROV.FRAY L.BELTRAN,PUBLICA 0,591,6460,6461,-65.1764994,-31.9106749
18,266A,ESC MARCELO T DE ALVEAR,SAN RAFAEL,139,6466,6466,-65.5498740894,-31.8348784453
19,269B,ESC PROV JUAN JOSE PASO,RUTA NACIONAL 148 S/N,16,6553,6553,-65.1713829593,-32.247693895
19,275A,ESC GENERAL BARTOLOME MITRE,LOS CERRILLOS,1322,6587,6591,-65.4445800002,-31.9692899953
20,279A,ESC PROV ALTE GUILLERMO BROWN,ALICIA ROSSI 441,293,6665,6666,-62.9717516572,-31.4045237124
20,283A,ESC CONGRESO DE TUCUMAN,COLONIA PICHANAS,155,6714,6714,-62.9260502377,-31.2461807563
20,288A,ESCUELA PROV. ANTONIO SOBRAL,PUBLICA 0,86,6739,6739,-62.8967937182,-31.6318084863
20,291A,ESC PROV RAMON J CARCANO,PUBLICA S/N,64,6767,6767,-62.2366450764,-31.1188918364
20,294A,ESC PROV NICOLAS AVELLANEDA,SARMIENTO S/N,168,6782,6782,-62.2345323718,-31.0511778572
20,310A,COL SAN FCO DE ASIS,JUAN JOSE PASO (B°VELEZ  SARSFIELD) 1650,2361,7043,7051,-62.0837,-31.424
20,310A,COLEGIO SAGRADO CORAZON,25 DE MAYO(B°ITURRASPE) 1414,1567,7052,7057,-62.0822,-31.4298
20,310A,ESC DOMINGO F SARMIENTO,ALMAFUERTE (B°ROCA) 104,2313,7033,7042,-62.093598335,-31.4271216008
20,310A,ESC JOSE BERRNARDO ITURRASPE,CABRERA(B°GENERAL ROCA)  1736,4183,7016,7032,-62.0851,-31.4266
20,310A,ESC PTE HIPOLITO IRIGOYEN,JUJUY(B°ITURRASPE) 205,3337,7069,7081,-62.0754,-31.4292
20,310A,ESCUELA PRIMERA JUNTA,ENTRE RIOS(B°GENERAL ROCA)  2505,2543,7058,7068,-62.092,-31.4175
21,316A,ESC VICENTE LOPEZ Y PLANES,ANIZACATE,1024,7227,7230,-64.4025753649,-31.7258138675
21,316A,IPEM N° 118-JUANA AZURDUY,SALOMON PALACIOS 0,1306,7222,7226,-64.4025908607,-31.7254890009
21,316B,ESC PROV DOMINGO F SARMIENTO,PUBLICA S/N,85,7231,7231,-64.483629926,-31.7033206243
21,316D,ESC GENERAL MANUEL BELGRANO,LA SERRANITA,285,7233,7233,-64.4552082769,-31.7359595324
21,316E,ESC PROV CATALINA E DE BARON,ANICETO GRANADO S/N,732,7234,7236,-64.2847995,-31.5250735
21,316F,IPET N° 118 JUANA AZURDUY,SALOMON PALACIOS S/N,389,7237,7238,-64.4025908607,-31.7254890009
21,316G,ESC.PROV.J.HERNANDEZ,CALLE 10 ESQ AV N 5 0,770,7239,7241,-64.3867526,-31.6158614
21,316I,ESC PROV DOMINGO F SARMIENTO,VILLA LOS AROMOS,527,7245,7246,-64.4374419968,-31.7227842795
21,316J,ESC.PROV.P.PIZZURNO,CALLE 7 ESQUINA 0,1619,7247,7252,-64.3556923,-31.5912799
21,326A,COLEGIO JUAN XXIII,BRIGADIER SAN MARTIN 231,1828,7305,7311,-64.3673300001,-31.4458699956
21,326B,ESC PROV FRAY J S MARIA DE ORO,CRUCERO GENERAL BELGRANO  S/N,685,7312,7315,-64.3614100001,-31.4684099956
21,326C,ESC MARTIN M DE GUEMES,A CASTELLANO 0,735,7316,7318,-64.3614100001,-31.4684099956
2,328A,ESC BARTOLOME MITRE,PUBLICA S/N,522,3221,3222,-64.7732581438,-31.8952723424
23,337A,ESC PROV JUAN B ALBERDI,SANTA ROSA 171,492,7391,7392,-63.8638311,-32.0356462
23,347A,ESC PROV GABRIELA MISTRAL,LAS ISLETILLAS,234,7496,7496,-63.927143588,-32.5085060235
23,349A,ESC PROV GRAL BATOLOME MITRE,SAN JUAN ESQ BELGRANO,319,7629,7630,-63.8680253,-32.3239244
24,352A,ESC PROV PEDRO N ARIAS,PUBLICA S/N,124,7644,7644,-63.885465233,-30.6269796219
25,360A,ESC PROV MIGUEL DE GUEMES,EL RODEO,174,7680,7680,-63.8646364,-30.1783549
25,360B,ESCUELA ESTEBAN ECHEVERRIA,LA TOMA,73,7681,7681,-64.0101637,-30.2129889
25,370A,ESC PROV MANUEL DORREGO,PUBLICA S/N,15,7715,7715,-64.0851065,-30.2402883
26,397A,ESCUELA VALENTIN ALSINA,CORRAL DEL BAJO 0,35,7972,7972,-62.800031,-32.0755992
1,4,ESC GDOR ALVAREZ,C ARENAL 699 B°R MARTINEZ,1953,148,156,-31.4343505,-64.17868
1,13,ESC PADRE DIEGO DE TORRES,DIAG ICA Y CAMICALTA B°L N  ALEM,3057,2355,2366,-31.3840866,-64.1529007
1,14,COLEGIO LA SALLE,AV MARTINOLI 3950,4949,2748,2765,-31.35663,-64.2436183
1,5C,ESC VICTOR MERCANTE,CAUCETE 4008 B°EMPALME,3298,377,388,-31.4323723,-64.1338851
1,5C,FRAY JUSTO STA MARÍA DE ORO,CALLAO 2320,3302,402,413,-31.4360838347,-64.1205045411
1,5D,BAC TEC DR F ESCARDO,CAMPO LA RIBERA,1986,428,435,-31.4077946,-64.1334061
1,6A,ESC MUNICIPAL DR A SOBRAL,PUBLICA S/N° B°SANGRE Y SO,341,551,552,-31.3796444,-64.1294861
1,6B,ESC VAN GELDEREN,CNO CHACRA DE LA MERCED KM  6 1/2,210,553,553,-31.340929,-64.178421
1,6D,ESC BRIGADIER C SAAVEDRA,ARENALES Y LA PLATA  B°JUNIORS,2491,597,607,-31.4188957,-64.1693573
1,6E,ESC TRANSITO CACERES DE ALLEND,CNO CHACRA DE LA MERCED KM  9 Y 1/2,1311,608,612,-31.3384857,-64.1652908
1,6F,ESC GDOR AMADEO SABATTINI,GERMANIA 2500 B°YAPEYU,2908,625,635,-31.4132435,-64.1503457
1,7C,ESC J NEWBERY,MATIENZO 5895 B°J NEWBERY,9,721,721,-31.4520743,-64.1753876
1,7E,IPEM 338,FRANCISCO SUAREZ 3760,1884,787,793,-31.3735833,-64.1950041
1,7E,JOSE LUIS SERCIC,PEREZ CORREA 1500 M DE  SOBREMONTE,2124,779,786,-31.4799175,-64.2149658
1,7F,ESC JORGE NEWBERY,MATIENZO 5895 B°J NEWBERY,2717,794,803,-31.4520743,-64.1753876
1,7F,ESC NACIONES UNIDAS,CTDA 8 S/N°B°R DE ESCALAD,2147,804,812,-31.3989296,-64.1821289
1,7G,ESC FRANCISCO VIDAL,FRAGUEIRO (MANZANA "C"  4200,3171,831,842,-31.4354878,-64.1855715
1,7G,J DE INF FCO VIDAL,FRAGUEIRO (MANZANA "C"  4200,529,845,846,-31.4354878,-64.1855715
1,10F,ESC REPUBLICA ARGENTINA,SAN CAYETANO Y BRAILE  B°AMEGHINO(S),1876,1336,1342,-31.3989296,-64.1821289
1,10H,ESC MUNIC DR A DEL CASTILLO,UNO ESQ DOCE B°AMPL  ROSEDAL,1990,1432,1438,-31.3989296,-64.1821289
1,11A,ESC SUP DE COMERCIO H VIEYTES,CASEROS Y VIEYTES B° ALTO  ALBERD,2549,1619,1628,-31.3989296,-64.1821289
1,11B,ESC ANTARTIDA ARGENTINA,B° GENERAL DEHEZA,2709,1685,1695,-31.3989296,-64.1821289
1,11C,ESC MANUEL E PIZARRO,DUARTE QUIROS 4725 B° LAS  PALMAS,3957,1713,1726,-31.398656,-64.2545118
1,11E,ESC PADRE T GAMBINO,OCHO ESQ NUEVE B°LOS  GRANAD,2476,1806,1814,-31.3989296,-64.1821289
1,11E,ESC.MUNIC.DR.CARLOS BECERRA,GAONA 1285,1629,1815,1821,-31.4217515,-64.2324155
1,11G,ESC ATILIO ARGÜELLO,PUBLICA S/N B°PARQUE  REPUBLICA,2693,1861,1870,-31.3796444,-64.1294861
1,11I,HEROES DE MALVINAS,CNEL MANUEL  NAMUNCURA/PETIROSSI,1538,1914,1919,-31.3387148288,-64.1789813753
1,11K,COL MADRE PAULA MONTAL,HUMBTO PRIMO Y FALUCHO V  URQUIZA,1570,2007,2012,-31.3989296,-64.1821289
1,11K,ESC MUNIC E BAQUERO LASCANO,HUMBERTO 1° ESQ IROS VILLA  URQUIZA,1543,1995,2000,-31.3989296,-64.1821289
1,11K,ESC MUNIC JUAN B JUSTO,IGUALDAD 4100 VILLA URQUIZ,1545,2001,2006,-31.3928998,-64.2325848
1,12A,ESC.MA.DEL TRANSITO CABANILLAS,CNO.SAN ANDRES/RUIZ  HUIDOBRO,1838,2068,2074,-31.479084,-64.1432343
1,12A,ESC.PROF.M.LUCIANI,11 DE SEPTIEMBRE ESQ. CALLE  2CARCANO 440,2136,2060,2067,-31.3833601,-64.2022329
1,12B,ESC RUBEN DARIO,LA CORUÑA Y MONSERRAT  B°CRISOL,3388,2075,2088,-31.3989296,-64.1821289
1,12B,INST NTRA SRA DEL SGDO CORAZON,REVOLUCION DE MAYO 1476  B°COLON,4079,2089,2105,-31.4355677,-64.1676817
1,12D,ESC MONSEÑOR M DE ANDREA,17 DE JULIO 380 B°FVRO MITR,2689,2157,2166,-31.4132542,-64.1889647
1,12D,ESC MUNIC DOMINGO F SARMIENTO,MANZANA 63. B° 23 DE  ABRIL(CNOINTERF,1843,2196,2202,-31.4182981,-64.1867616
1,12D,ESC MUNIC DR ARTURO H ILLIA,CHIRINO DE POSADAS  ESQ.MAGUNA 4600,2128,2188,2195,-31.3221157,-64.2679414
1,12D,ESC. MARIA EVA DUARTE,CALLE PUBLICA S/N,1865,2219,2225,-31.3422874003,-64.1475294387
1,13B,ESC FLORENCIO SANCHEZ,RUTA 111 KM 12,128,2435,2435,-31.3854453,-64.2066834
1,13F,CENTRO VECINAL ZONA 111,TREDENTINA 1945 B°NUEVA  ITALIA,536,2510,2511,-31.388482,-64.1461197
1,13L,ESC JORGE WASHINGTON ABALOS,CNO J MARIA KM 8 1/2,303,2719,2720,-31.4840424,-64.0289928
1,14B,ESC MARTIN DE GÜEMES,DOMINGO  ALBARIÑOS/ANTEQUEIRA  CASTRO,2130,2811,2818,-31.4757195,-64.1923523
1,14G,ESC MUNIC ING MASJOAN,2/TUCUMAN Y MENDOZA LOS  BOULEVARES,2167,2906,2913,-31.3333302,-64.2333298
1,14I,ESC MAESTROS PUNTANOS,CINCO N°25 B°AMPL P LUGONE,1957,2935,2941,-31.3854372,-64.2067442
1,14J,ESC REPUBLICA DE PANAMA,TRECE BIS COL DEL CER,1671,2958,2964,-31.3989296,-64.1821289
1,14J,INSTITUTO EMILIO LAMARCA,AV EMILIO LAMARCA 4245,2519,2949,2957,-31.4076115946,-64.1774258257
2,19,COLEGIO SAGRADO CORAZON,AV DON BOSCO 101,832,3126,3128,-32.3198961807,-64.277073247
2,26,ESC. PROV.M. MORENO,SANTA ROSA,3137,3195,3206,-32.0739359241,-64.5285938363
2,16A,ESCUELA N° 404,VILLA LA MERCED,46,3089,3089,-31.8289453,-64.5214106
2,16B,ESC.PROV. F.AMEGHINO,CHAMPAQUI,15,3090,3090,-31.9923407503,-64.906155239
2,18C,ESC.PROV. A.ALSINA,FRANCISCO CESAR 0,33,3119,3119,-32.3766557,-64.6343311
2,25A,ESC.PROV.M.GUEMES,PUBLICA 0,79,3187,3187,-32.1751529,-64.5728564
2,26A,ESCUELA N° 481,SEGUNDA USINA,100,3219,3219,-32.1649072663,-64.3784893708
4,43,ESCUELA PROVINCIAL,CANDELARIA,36,3758,3758,-31.0970547608,-64.8556675865
4,44,ESCUELA NORMAL,SARMIENTO 1155,3756,3804,3819,-30.7344469679,-64.7935047185
4,49,ESC.PROV.M.MORENO,LOS SAUCES,64,3845,3845,-30.7984200994,-64.3015645669
4,51A,ESC.PROV.J.M.PAZ,SANTA ANA,82,3854,3854,-30.7973209775,-65.1915561956
4,53A,ESC. R.S. DE CALDELARI,LOS LEONES,33,3857,3857,-30.3179912957,-65.1232154373
4,53B,ESCUELA N°395,EL ABRA,19,3858,3858,-30.3853054514,-65.1541757776
6,89,ESC.N.AVELLANEDA,BS.AS.E INT.MACIEL,3475,4142,4155,-32.3964179,-63.2362835
6,89,ESC.N.V.MERCANTE,SOBRAL 378,7471,4156,4184,-32.4158014,-63.242105
6,89,I.P.E.T. N° 2,J.MULLER 651,3759,4212,4225,-32.411174,-63.2588317
6,90,IPEM N° 322,LIMA Y RIVADAVIA,2854,4259,4268,-32.428578145,-63.2482323743
6,88A,ESC.PROV. LIBERTAD,SANTA RITA,7,4052,4052,-30.9762508323,-63.0707844317
6,88B,ESC.PROV.JOHN F.KENNEDY,SAN ANTONIO DE YUCAT,13,4053,4053,-32.3140295503,-63.515165789
8,107,ESC.TTE. 1°M.C.ASUA,CARNERILLO,1457,4426,4431,-32.9120042,-64.0226561
9,126,COLEGIO NACIONAL,CRUZ ALTA,1797,4612,4618,-33.0079032634,-61.8061887337
9,134,INST.SEC.GRAL J.M.PAZ,MONTE BUEY,279,4772,4772,-32.9155099948,-62.4561799999
11,145A,ESCUELA N°157,LAS PALMAS,187,4813,4813,-31.3745517283,-65.2991721581
11,146B,ESC.PROV. E.ECHEVERRIA,SAN JERONIMO,122,4821,4821,-31.3418153,-64.9182569
11,146C,ESC ROQUE SAENZ PEÑA,LOS TALARES,87,4822,4822,-31.4071630239,-65.0440244803
14,208,ESCUELA N°111,COMECHINGONES,260,5896,5896,-31.1726999961,-63.6092318571
14,211,ESCUELA 25 DE MAYO,MONTE CRISTO,2286,5915,5922,-31.3454799957,-63.9447400001
14,211,ESCUELA MAESTRO DOMINGO NOGAL,MONTE CRISTO,2025,5907,5914,-31.3454799957,-63.9447400001
14,211,MARGARITA V LUDUEÑA DE LAZO,SARMIENTO 571 LAS MALVINAS,2289,5899,5906,-31.3454799957,-63.9447400001
15,227B,ESC PROV LUCIANO ARGUELLO,CERRO COLORADO,242,6001,6001,-30.0969878,-63.9328745
16,230,COLEGIO ENS.SECUNDARIA,CALCHIN,1700,6026,6031,-31.6687650955,-63.2003409
16,242A,ESC MARIANO MORENO,CAÑADA DE MACHADO SUD,18,6186,6186,-31.5242997,-63.6899361
17,256,ESC.PROV.GRAL SAN MARTIN,SAN JOAQUIN,97,6358,6358,-34.5131413,-63.7092404
18,261,IPEM N° 344,BROCHERO,2089,6375,6382,-31.7055336508,-65.0196691997
18,263A,ESCUELA 20 DE JUNIO,PUBLICA S/N,115,6424,6424,-31.6139718596,-64.9030730025
18,263D,ESC.PROV.M.A DE CARRANZA PREGO,LAS CALLES,344,6428,6429,-31.8245866,-64.9702727
19,274A,ESCUELA PROVINCIAL,PUBLICA S/N,284,6579,6580,-32.0679585,-65.0298602
20,281,ESCUELA N°349,BEIRO,101,6684,6684,-30.705777035,-61.903889245
20,283,ESC.PROV.M.MORENO,TUCUMAN 483,1268,6709,6713,-31.3206461874,-62.8175006926
20,301,ESC.REP DEL PARAGUAY,BELGRANO 234,1326,6847,6852,-30.9945149959,-62.826476
20,302,ESC PROV GRAL SAN MARTIN,PUBLICA S/N,88,6853,6853,-30.6906144827,-62.1200670236
20,304,COLEGIO NACIONAL MIXTO,MORTEROS,3441,6860,6873,-30.7077206164,-62.0081213303
20,310A,ESC JOSE MARIA PAZ,REPUBLICA DEL LIBANO 1009,2574,7082,7091,-30.9176774,-62.0706057
21,320,ESC.PR0V.J.M.ESTRADA,BUENA VISTA,18,7261,7261,-31.3919793648,-64.9230136594
21,328B,ESC.PROV.J.V.GONZALEZ,RUTA N 5 KM 5 0,469,7324,7325,-31.7974163,-64.5137565
21,330A,ESCUELA DE MINERIA,JOSE DE LA QUINTANA,319,7329,7330,-31.8044170307,-64.413724557
22,335,I.P.E.T. N°17,CHAÑAR,1730,7347,7354,-29.7882499966,-63.9425000001
23,344,ESCUELA NAC.DE COMERCIO,OLIVA,3105,7477,7488,-32.0573909,-63.5502716
23,348,E.N.E.T. N°1,G.SAVIO Y MENDOZA,4079,7509,7523,-32.1636027,-64.1319325
23,348,ESCUELA N° 402,I.LA CATOLICA 190,3587,7596,7608,-32.1703467,-64.108343
25,360,ESC PROV MARIANO MORENO,PUBLICA S/N,122,7679,7679,-30.17343,-63.926248
25,370,ESC PROV CORNELIO SAAVEDRA,PUBLICA S/N,83,7714,7714,-30.2528778,-64.1733465
26,374,ESCUELA N°9,BALLESTEROS SUD,524,7736,7737,-32.5860159779,-63.023793534
26,386,ESC R VERA PEÑALOZA,GOULD,542,7864,7865,-33.5882367539,-62.7290218548
26,393,ESC PROV R E DE SAN MARTIN,NOETINGER,1326,7917,7921,-32.3654499951,-62.3103999999
26,393,ESCUELA LEANDRO N ALEM,NOETINGER,2141,7922,7929,-32.3654499951,-62.3103999999
26,372A,ESC PROV JUAN P ESNAOLA,ANA ZUMARAN,114,7725,7725,-32.3911338,-63.0569809
,,Escuelas sin geolocalización,,2005447,0,0,-30.4963614,-62.7323884
